"Sector en vermogensklasse";"Regio's";"Perioden";"Installaties (aantal)";"Opgesteld vermogen van zonnepanelen (kWp)";"Opgesteld vermogen omvormers (kW)";"Productie van zonnestroom (mln kWh)"
"Woningen";"Nederland";"2019";"  960248";" 3236417";"";"    2620"
"Woningen";"Nederland";"2020";" 1267651";" 4488623";"";"    3714"
"Woningen";"Nederland";"2021 ";" 1611689";" 5843084";"";"    4652"
"Woningen";"Nederland";"2022";" 2131019";" 8014761";" 7619597";"    6760"
"Woningen";"Aa en Hunze";"2019";"    2573";"   10050";"";"       ."
"Woningen";"Aa en Hunze";"2020";"    3279";"   13511";"";"       ."
"Woningen";"Aa en Hunze";"2021 ";"    3900";"   16488";"";"       ."
"Woningen";"Aa en Hunze";"2022";"    4767";"   21032";"   20311";"       ."
"Woningen";"Aalsmeer";"2019";"    1622";"    5701";"";"       ."
"Woningen";"Aalsmeer";"2020";"    2311";"    8588";"";"       ."
"Woningen";"Aalsmeer";"2021 ";"    2849";"   10676";"";"       ."
"Woningen";"Aalsmeer";"2022";"    3881";"   15052";"   14236";"       ."
"Woningen";"Aalten";"2019";"    1973";"    7576";"";"       ."
"Woningen";"Aalten";"2020";"    2445";"    9998";"";"       ."
"Woningen";"Aalten";"2021 ";"    3040";"   13035";"";"       ."
"Woningen";"Aalten";"2022";"    3785";"   17011";"   16382";"       ."
"Woningen";"Achtkarspelen";"2019";"    1717";"    7508";"";"       ."
"Woningen";"Achtkarspelen";"2020";"    2300";"   10281";"";"       ."
"Woningen";"Achtkarspelen";"2021 ";"    2897";"   11557";"";"       ."
"Woningen";"Achtkarspelen";"2022";"    3751";"   15731";"   15057";"       ."
"Woningen";"Alblasserdam";"2019";"     604";"    1913";"";"       ."
"Woningen";"Alblasserdam";"2020";"     790";"    2642";"";"       ."
"Woningen";"Alblasserdam";"2021 ";"    1109";"    3974";"";"       ."
"Woningen";"Alblasserdam";"2022";"    1796";"    6560";"    6068";"       ."
"Woningen";"Albrandswaard";"2019";"     874";"    2894";"";"       ."
"Woningen";"Albrandswaard";"2020";"    1333";"    4659";"";"       ."
"Woningen";"Albrandswaard";"2021 ";"    2037";"    7291";"";"       ."
"Woningen";"Albrandswaard";"2022";"    3337";"   12382";"   11490";"       ."
"Woningen";"Alkmaar";"2019";"    6280";"   18416";"";"       ."
"Woningen";"Alkmaar";"2020";"    8542";"   25743";"";"       ."
"Woningen";"Alkmaar";"2021 ";"   10957";"   33649";"";"       ."
"Woningen";"Alkmaar";"2022";"   13876";"   43205";"   41444";"       ."
"Woningen";"Almelo";"2019";"    3093";"   11007";"";"       ."
"Woningen";"Almelo";"2020";"    4083";"   15480";"";"       ."
"Woningen";"Almelo";"2021 ";"    5475";"   21607";"";"       ."
"Woningen";"Almelo";"2022";"    8045";"   33134";"   31361";"       ."
"Woningen";"Almere";"2019";"   11471";"   36920";"";"       ."
"Woningen";"Almere";"2020";"   14466";"   49892";"";"       ."
"Woningen";"Almere";"2021 ";"   17982";"   64072";"";"       ."
"Woningen";"Almere";"2022";"   24175";"   89000";"   84380";"       ."
"Woningen";"Alphen aan den Rijn";"2019";"    6495";"   20781";"";"       ."
"Woningen";"Alphen aan den Rijn";"2020";"    9545";"   32774";"";"       ."
"Woningen";"Alphen aan den Rijn";"2021 ";"   11959";"   42449";"";"       ."
"Woningen";"Alphen aan den Rijn";"2022";"   15206";"   55849";"   52605";"       ."
"Woningen";"Alphen-Chaam";"2019";"     488";"    2362";"";"       ."
"Woningen";"Alphen-Chaam";"2020";"     748";"    3685";"";"       ."
"Woningen";"Alphen-Chaam";"2021 ";"     989";"    4992";"";"       ."
"Woningen";"Alphen-Chaam";"2022";"    1289";"    6752";"    6369";"       ."
"Woningen";"Altena";"2019";"    2930";"   10469";"";"       ."
"Woningen";"Altena";"2020";"    4126";"   15619";"";"       ."
"Woningen";"Altena";"2021 ";"    5325";"   21431";"";"       ."
"Woningen";"Altena";"2022";"    6962";"   30425";"   28408";"       ."
"Woningen";"Ameland";"2019";"     208";"     822";"";"       ."
"Woningen";"Ameland";"2020";"     273";"    1116";"";"       ."
"Woningen";"Ameland";"2021 ";"     342";"    1366";"";"       ."
"Woningen";"Ameland";"2022";"     513";"    2208";"    2111";"       ."
"Woningen";"Amersfoort";"2019";"   10672";"   29360";"";"       ."
"Woningen";"Amersfoort";"2020";"   13942";"   40219";"";"       ."
"Woningen";"Amersfoort";"2021 ";"   17469";"   51865";"";"       ."
"Woningen";"Amersfoort";"2022";"   22465";"   70023";"   66416";"       ."
"Woningen";"Amstelveen";"2019";"    3235";"   10225";"";"       ."
"Woningen";"Amstelveen";"2020";"    4468";"   14597";"";"       ."
"Woningen";"Amstelveen";"2021 ";"    5438";"   17973";"";"       ."
"Woningen";"Amstelveen";"2022";"    7042";"   24531";"   23063";"       ."
"Woningen";"Amsterdam";"2019";"   13115";"   38027";"";"       ."
"Woningen";"Amsterdam";"2020";"   17454";"   52065";"";"       ."
"Woningen";"Amsterdam";"2021 ";"   22716";"   64769";"";"       ."
"Woningen";"Amsterdam";"2022";"   30657";"   88849";"   84577";"       ."
"Woningen";"Apeldoorn";"2019";"   11058";"   32739";"";"       ."
"Woningen";"Apeldoorn";"2020";"   14605";"   46367";"";"       ."
"Woningen";"Apeldoorn";"2021 ";"   17738";"   58655";"";"       ."
"Woningen";"Apeldoorn";"2022";"   23410";"   79722";"   75906";"       ."
"Woningen";"Appingedam";"2019";"    1243";"    4329";"";"       ."
"Woningen";"Appingedam";"2020";"    1522";"    5387";"";"       ."
"Woningen";"Appingedam";"2021 ";"";"";"";""
"Woningen";"Appingedam";"2022";"";"";"";""
"Woningen";"Arnhem";"2019";"    6384";"   20182";"";"       ."
"Woningen";"Arnhem";"2020";"    8294";"   27294";"";"       ."
"Woningen";"Arnhem";"2021 ";"   10353";"   35211";"";"       ."
"Woningen";"Arnhem";"2022";"   13819";"   47853";"   45724";"       ."
"Woningen";"Assen";"2019";"    6297";"   19974";"";"       ."
"Woningen";"Assen";"2020";"    8319";"   26509";"";"       ."
"Woningen";"Assen";"2021 ";"    9746";"   32054";"";"       ."
"Woningen";"Assen";"2022";"   11472";"   42105";"   40092";"       ."
"Woningen";"Asten";"2019";"     974";"    4482";"";"       ."
"Woningen";"Asten";"2020";"    1418";"    6608";"";"       ."
"Woningen";"Asten";"2021 ";"    1958";"    9205";"";"       ."
"Woningen";"Asten";"2022";"    2542";"   12337";"   11820";"       ."
"Woningen";"Baarle-Nassau";"2019";"     263";"    1060";"";"       ."
"Woningen";"Baarle-Nassau";"2020";"     414";"    1855";"";"       ."
"Woningen";"Baarle-Nassau";"2021 ";"     559";"    2654";"";"       ."
"Woningen";"Baarle-Nassau";"2022";"     726";"    3636";"    3402";"       ."
"Woningen";"Baarn";"2019";"    1512";"    3772";"";"       ."
"Woningen";"Baarn";"2020";"    1763";"    4766";"";"       ."
"Woningen";"Baarn";"2021 ";"    2154";"    6313";"";"       ."
"Woningen";"Baarn";"2022";"    2817";"    8861";"    8361";"       ."
"Woningen";"Barendrecht";"2019";"    1890";"    6016";"";"       ."
"Woningen";"Barendrecht";"2020";"    2833";"    9579";"";"       ."
"Woningen";"Barendrecht";"2021 ";"    4314";"   15023";"";"       ."
"Woningen";"Barendrecht";"2022";"    6451";"   23039";"   21007";"       ."
"Woningen";"Barneveld";"2019";"    3318";"   12350";"";"       ."
"Woningen";"Barneveld";"2020";"    4480";"   17478";"";"       ."
"Woningen";"Barneveld";"2021 ";"    5539";"   21824";"";"       ."
"Woningen";"Barneveld";"2022";"    7771";"   32050";"   30321";"       ."
"Woningen";"Beek (L.)";"2019";"    1737";"    5813";"";"       ."
"Woningen";"Beek (L.)";"2020";"    2038";"    7276";"";"       ."
"Woningen";"Beek (L.)";"2021 ";"    2388";"    9062";"";"       ."
"Woningen";"Beek (L.)";"2022";"    2868";"   11485";"   11034";"       ."
"Woningen";"Beekdaelen";"2019";"    3453";"   13993";"";"       ."
"Woningen";"Beekdaelen";"2020";"    4273";"   17856";"";"       ."
"Woningen";"Beekdaelen";"2021 ";"    5108";"   21950";"";"       ."
"Woningen";"Beekdaelen";"2022";"    6302";"   27930";"   26755";"       ."
"Woningen";"Beemster";"2019";"     650";"    2579";"";"       ."
"Woningen";"Beemster";"2020";"     892";"    3474";"";"       ."
"Woningen";"Beemster";"2021 ";"    1246";"    4408";"";"       ."
"Woningen";"Beemster";"2022";"";"";"";""
"Woningen";"Beesel";"2019";"    1159";"    4522";"";"       ."
"Woningen";"Beesel";"2020";"    1507";"    6121";"";"       ."
"Woningen";"Beesel";"2021 ";"    1767";"    7323";"";"       ."
"Woningen";"Beesel";"2022";"    2305";"    9892";"    9447";"       ."
"Woningen";"Berg en Dal";"2019";"    2256";"    8269";"";"       ."
"Woningen";"Berg en Dal";"2020";"    2906";"   10977";"";"       ."
"Woningen";"Berg en Dal";"2021 ";"    3705";"   14228";"";"       ."
"Woningen";"Berg en Dal";"2022";"    4811";"   19130";"   18249";"       ."
"Woningen";"Bergeijk";"2019";"    1231";"    5755";"";"       ."
"Woningen";"Bergeijk";"2020";"    1725";"    8400";"";"       ."
"Woningen";"Bergeijk";"2021 ";"    2268";"   11100";"";"       ."
"Woningen";"Bergeijk";"2022";"    2847";"   14570";"   13767";"       ."
"Woningen";"Bergen (L.)";"2019";"     835";"    3842";"";"       ."
"Woningen";"Bergen (L.)";"2020";"    1220";"    5510";"";"       ."
"Woningen";"Bergen (L.)";"2021 ";"    1660";"    7229";"";"       ."
"Woningen";"Bergen (L.)";"2022";"    2080";"    9309";"    8876";"       ."
"Woningen";"Bergen (NH.)";"2019";"    2970";"    8693";"";"       ."
"Woningen";"Bergen (NH.)";"2020";"    3856";"   12232";"";"       ."
"Woningen";"Bergen (NH.)";"2021 ";"    4756";"   15280";"";"       ."
"Woningen";"Bergen (NH.)";"2022";"    5800";"   19440";"   18673";"       ."
"Woningen";"Bergen op Zoom";"2019";"    4682";"   12415";"";"       ."
"Woningen";"Bergen op Zoom";"2020";"    5702";"   16995";"";"       ."
"Woningen";"Bergen op Zoom";"2021 ";"    7296";"   23292";"";"       ."
"Woningen";"Bergen op Zoom";"2022";"    9138";"   30636";"   29154";"       ."
"Woningen";"Berkelland";"2019";"    3259";"   13197";"";"       ."
"Woningen";"Berkelland";"2020";"    4098";"   17151";"";"       ."
"Woningen";"Berkelland";"2021 ";"    5020";"   21475";"";"       ."
"Woningen";"Berkelland";"2022";"    6350";"   28370";"   27307";"       ."
"Woningen";"Bernheze";"2019";"    1764";"    7733";"";"       ."
"Woningen";"Bernheze";"2020";"    2737";"   12513";"";"       ."
"Woningen";"Bernheze";"2021 ";"    3695";"   16993";"";"       ."
"Woningen";"Bernheze";"2022";"    4904";"   23201";"   22004";"       ."
"Woningen";"Best";"2019";"    2444";"    9138";"";"       ."
"Woningen";"Best";"2020";"    3248";"   12766";"";"       ."
"Woningen";"Best";"2021 ";"    4097";"   16708";"";"       ."
"Woningen";"Best";"2022";"    5051";"   21772";"   20764";"       ."
"Woningen";"Beuningen";"2019";"    1598";"    5941";"";"       ."
"Woningen";"Beuningen";"2020";"    2263";"    9001";"";"       ."
"Woningen";"Beuningen";"2021 ";"    2891";"   11875";"";"       ."
"Woningen";"Beuningen";"2022";"    3851";"   16256";"   15492";"       ."
"Woningen";"Beverwijk";"2019";"    2050";"    6279";"";"       ."
"Woningen";"Beverwijk";"2020";"    2822";"    8782";"";"       ."
"Woningen";"Beverwijk";"2021 ";"    3502";"   11017";"";"       ."
"Woningen";"Beverwijk";"2022";"    4397";"   14245";"   13576";"       ."
"Woningen";"De Bilt";"2019";"    1600";"    5297";"";"       ."
"Woningen";"De Bilt";"2020";"    2134";"    7649";"";"       ."
"Woningen";"De Bilt";"2021 ";"    2928";"   11304";"";"       ."
"Woningen";"De Bilt";"2022";"    4076";"   16235";"   15153";"       ."
"Woningen";"Bladel";"2019";"    1190";"    5149";"";"       ."
"Woningen";"Bladel";"2020";"    1667";"    7658";"";"       ."
"Woningen";"Bladel";"2021 ";"    2330";"   10706";"";"       ."
"Woningen";"Bladel";"2022";"    2992";"   14543";"   13629";"       ."
"Woningen";"Blaricum";"2019";"     423";"    1533";"";"       ."
"Woningen";"Blaricum";"2020";"     662";"    2346";"";"       ."
"Woningen";"Blaricum";"2021 ";"     887";"    3474";"";"       ."
"Woningen";"Blaricum";"2022";"    1209";"    4985";"    4649";"       ."
"Woningen";"Bloemendaal";"2019";"     794";"    2501";"";"       ."
"Woningen";"Bloemendaal";"2020";"    1047";"    3518";"";"       ."
"Woningen";"Bloemendaal";"2021 ";"    1447";"    5105";"";"       ."
"Woningen";"Bloemendaal";"2022";"    1887";"    7231";"    6774";"       ."
"Woningen";"Bodegraven-Reeuwijk";"2019";"    2110";"    7069";"";"       ."
"Woningen";"Bodegraven-Reeuwijk";"2020";"    2823";"   10182";"";"       ."
"Woningen";"Bodegraven-Reeuwijk";"2021 ";"    3715";"   13426";"";"       ."
"Woningen";"Bodegraven-Reeuwijk";"2022";"    5504";"   20457";"   19066";"       ."
"Woningen";"Boekel";"2019";"     658";"    3326";"";"       ."
"Woningen";"Boekel";"2020";"     937";"    5042";"";"       ."
"Woningen";"Boekel";"2021 ";"    1319";"    6707";"";"       ."
"Woningen";"Boekel";"2022";"    1674";"    8933";"    8469";"       ."
"Woningen";"Borger-Odoorn";"2019";"    2552";"   10271";"";"       ."
"Woningen";"Borger-Odoorn";"2020";"    3110";"   12802";"";"       ."
"Woningen";"Borger-Odoorn";"2021 ";"    3746";"   15542";"";"       ."
"Woningen";"Borger-Odoorn";"2022";"    4714";"   20236";"   19462";"       ."
"Woningen";"Borne";"2019";"    1555";"    5827";"";"       ."
"Woningen";"Borne";"2020";"    2271";"    8576";"";"       ."
"Woningen";"Borne";"2021 ";"    2913";"   11559";"";"       ."
"Woningen";"Borne";"2022";"    3780";"   15931";"   15211";"       ."
"Woningen";"Borsele";"2019";"    2777";"    8180";"";"       ."
"Woningen";"Borsele";"2020";"    3119";"    9867";"";"       ."
"Woningen";"Borsele";"2021 ";"    3552";"   11886";"";"       ."
"Woningen";"Borsele";"2022";"    5069";"   17833";"   17172";"       ."
"Woningen";"Boxmeer";"2019";"    2043";"    9150";"";"       ."
"Woningen";"Boxmeer";"2020";"    2786";"   13016";"";"       ."
"Woningen";"Boxmeer";"2021 ";"    3558";"   16567";"";"       ."
"Woningen";"Boxmeer";"2022";"";"";"";""
"Woningen";"Boxtel";"2019";"    2225";"    8642";"";"       ."
"Woningen";"Boxtel";"2020";"    2964";"   11884";"";"       ."
"Woningen";"Boxtel";"2021 ";"    3765";"   15424";"";"       ."
"Woningen";"Boxtel";"2022";"    4711";"   19690";"   18833";"       ."
"Woningen";"Breda";"2019";"    5830";"   20608";"";"       ."
"Woningen";"Breda";"2020";"    7906";"   29732";"";"       ."
"Woningen";"Breda";"2021 ";"   11046";"   41995";"";"       ."
"Woningen";"Breda";"2022";"   14685";"   58739";"   55317";"       ."
"Woningen";"Brielle";"2019";"     876";"    2702";"";"       ."
"Woningen";"Brielle";"2020";"    1126";"    3698";"";"       ."
"Woningen";"Brielle";"2021 ";"    1501";"    5543";"";"       ."
"Woningen";"Brielle";"2022";"    2190";"    8492";"    7998";"       ."
"Woningen";"Bronckhorst";"2019";"    2714";"   10783";"";"       ."
"Woningen";"Bronckhorst";"2020";"    3486";"   14585";"";"       ."
"Woningen";"Bronckhorst";"2021 ";"    4331";"   19051";"";"       ."
"Woningen";"Bronckhorst";"2022";"    5403";"   24956";"   23843";"       ."
"Woningen";"Brummen";"2019";"    1390";"    5366";"";"       ."
"Woningen";"Brummen";"2020";"    2187";"    8115";"";"       ."
"Woningen";"Brummen";"2021 ";"    3197";"   11652";"";"       ."
"Woningen";"Brummen";"2022";"    3927";"   14928";"   14132";"       ."
"Woningen";"Brunssum";"2019";"    1955";"    6949";"";"       ."
"Woningen";"Brunssum";"2020";"    2323";"    8575";"";"       ."
"Woningen";"Brunssum";"2021 ";"    2896";"   10871";"";"       ."
"Woningen";"Brunssum";"2022";"    3487";"   13505";"   12942";"       ."
"Woningen";"Bunnik";"2019";"    1178";"    4055";"";"       ."
"Woningen";"Bunnik";"2020";"    1616";"    5820";"";"       ."
"Woningen";"Bunnik";"2021 ";"    2077";"    7507";"";"       ."
"Woningen";"Bunnik";"2022";"    2753";"   10129";"    9572";"       ."
"Woningen";"Bunschoten";"2019";"     980";"    3435";"";"       ."
"Woningen";"Bunschoten";"2020";"    1310";"    4912";"";"       ."
"Woningen";"Bunschoten";"2021 ";"    1768";"    6660";"";"       ."
"Woningen";"Bunschoten";"2022";"    2680";"   10323";"    9626";"       ."
"Woningen";"Buren";"2019";"    1658";"    6522";"";"       ."
"Woningen";"Buren";"2020";"    2294";"    9474";"";"       ."
"Woningen";"Buren";"2021 ";"    2998";"   12833";"";"       ."
"Woningen";"Buren";"2022";"    4050";"   18149";"   17146";"       ."
"Woningen";"Capelle aan den IJssel";"2019";"    1883";"    4759";"";"       ."
"Woningen";"Capelle aan den IJssel";"2020";"    2359";"    6360";"";"       ."
"Woningen";"Capelle aan den IJssel";"2021 ";"    3058";"    8878";"";"       ."
"Woningen";"Capelle aan den IJssel";"2022";"    4443";"   14140";"   13185";"       ."
"Woningen";"Castricum";"2019";"    3486";"   10033";"";"       ."
"Woningen";"Castricum";"2020";"    4556";"   13595";"";"       ."
"Woningen";"Castricum";"2021 ";"    5798";"   17420";"";"       ."
"Woningen";"Castricum";"2022";"    7085";"   22100";"   21205";"       ."
"Woningen";"Coevorden";"2019";"    3961";"   13245";"";"       ."
"Woningen";"Coevorden";"2020";"    4828";"   17072";"";"       ."
"Woningen";"Coevorden";"2021 ";"    5558";"   20039";"";"       ."
"Woningen";"Coevorden";"2022";"    6588";"   25567";"   24499";"       ."
"Woningen";"Cranendonck";"2019";"    1529";"    6403";"";"       ."
"Woningen";"Cranendonck";"2020";"    2072";"    9130";"";"       ."
"Woningen";"Cranendonck";"2021 ";"    2678";"   12204";"";"       ."
"Woningen";"Cranendonck";"2022";"    3497";"   16581";"   15621";"       ."
"Woningen";"Cuijk";"2019";"    1740";"    6438";"";"       ."
"Woningen";"Cuijk";"2020";"    2444";"    9320";"";"       ."
"Woningen";"Cuijk";"2021 ";"    3176";"   12521";"";"       ."
"Woningen";"Cuijk";"2022";"";"";"";""
"Woningen";"Culemborg";"2019";"    2205";"    6596";"";"       ."
"Woningen";"Culemborg";"2020";"    2775";"    8862";"";"       ."
"Woningen";"Culemborg";"2021 ";"    3475";"   11177";"";"       ."
"Woningen";"Culemborg";"2022";"    4464";"   14817";"   13987";"       ."
"Woningen";"Dalfsen";"2019";"    3145";"   11570";"";"       ."
"Woningen";"Dalfsen";"2020";"    3836";"   14788";"";"       ."
"Woningen";"Dalfsen";"2021 ";"    4612";"   17802";"";"       ."
"Woningen";"Dalfsen";"2022";"    5502";"   22329";"   21293";"       ."
"Woningen";"Dantumadiel";"2019";"    1360";"    4771";"";"       ."
"Woningen";"Dantumadiel";"2020";"    2344";"    7945";"";"       ."
"Woningen";"Dantumadiel";"2021 ";"    3228";"   10862";"";"       ."
"Woningen";"Dantumadiel";"2022";"    4117";"   14249";"   13293";"       ."
"Woningen";"Delft";"2019";"    3499";"    8616";"";"       ."
"Woningen";"Delft";"2020";"    4275";"   11689";"";"       ."
"Woningen";"Delft";"2021 ";"    5446";"   15995";"";"       ."
"Woningen";"Delft";"2022";"    7202";"   22177";"   20987";"       ."
"Woningen";"Delfzijl";"2019";"    2599";"    8837";"";"       ."
"Woningen";"Delfzijl";"2020";"    3017";"   10412";"";"       ."
"Woningen";"Delfzijl";"2021 ";"";"";"";""
"Woningen";"Delfzijl";"2022";"";"";"";""
"Woningen";"Deurne";"2019";"    1767";"    7278";"";"       ."
"Woningen";"Deurne";"2020";"    2520";"   10794";"";"       ."
"Woningen";"Deurne";"2021 ";"    3364";"   15139";"";"       ."
"Woningen";"Deurne";"2022";"    4731";"   21756";"   20506";"       ."
"Woningen";"Deventer";"2019";"    5054";"   16773";"";"       ."
"Woningen";"Deventer";"2020";"    6862";"   23561";"";"       ."
"Woningen";"Deventer";"2021 ";"    8956";"   31422";"";"       ."
"Woningen";"Deventer";"2022";"   11088";"   40578";"   38250";"       ."
"Woningen";"Diemen";"2019";"    1026";"    3357";"";"       ."
"Woningen";"Diemen";"2020";"    1381";"    4480";"";"       ."
"Woningen";"Diemen";"2021 ";"    2087";"    6285";"";"       ."
"Woningen";"Diemen";"2022";"    2816";"    8537";"    8256";"       ."
"Woningen";"Dijk en Waard";"2019";"";"";"";""
"Woningen";"Dijk en Waard";"2020";"";"";"";""
"Woningen";"Dijk en Waard";"2021 ";"";"";"";""
"Woningen";"Dijk en Waard";"2022";"   16053";"   53716";"   51495";"       ."
"Woningen";"Dinkelland";"2019";"    1780";"    7903";"";"       ."
"Woningen";"Dinkelland";"2020";"    2342";"   10978";"";"       ."
"Woningen";"Dinkelland";"2021 ";"    2962";"   14405";"";"       ."
"Woningen";"Dinkelland";"2022";"    3843";"   20276";"   19107";"       ."
"Woningen";"Doesburg";"2019";"     615";"    2183";"";"       ."
"Woningen";"Doesburg";"2020";"     856";"    3145";"";"       ."
"Woningen";"Doesburg";"2021 ";"    1039";"    3872";"";"       ."
"Woningen";"Doesburg";"2022";"    1412";"    5161";"    4987";"       ."
"Woningen";"Doetinchem";"2019";"    4426";"   15066";"";"       ."
"Woningen";"Doetinchem";"2020";"    5536";"   19792";"";"       ."
"Woningen";"Doetinchem";"2021 ";"    6758";"   24588";"";"       ."
"Woningen";"Doetinchem";"2022";"    9033";"   33723";"   32365";"       ."
"Woningen";"Dongen";"2019";"    1429";"    5304";"";"       ."
"Woningen";"Dongen";"2020";"    2044";"    8266";"";"       ."
"Woningen";"Dongen";"2021 ";"    2747";"   11230";"";"       ."
"Woningen";"Dongen";"2022";"    3450";"   14935";"   14082";"       ."
"Woningen";"Dordrecht";"2019";"    3233";"   10032";"";"       ."
"Woningen";"Dordrecht";"2020";"    4424";"   14141";"";"       ."
"Woningen";"Dordrecht";"2021 ";"    6013";"   19746";"";"       ."
"Woningen";"Dordrecht";"2022";"    9127";"   31515";"   29464";"       ."
"Woningen";"Drechterland";"2019";"    1784";"    6163";"";"       ."
"Woningen";"Drechterland";"2020";"    2277";"    8040";"";"       ."
"Woningen";"Drechterland";"2021 ";"    2909";"   10397";"";"       ."
"Woningen";"Drechterland";"2022";"    3727";"   14015";"   13349";"       ."
"Woningen";"Drimmelen";"2019";"    1351";"    4990";"";"       ."
"Woningen";"Drimmelen";"2020";"    1841";"    7234";"";"       ."
"Woningen";"Drimmelen";"2021 ";"    2436";"    9968";"";"       ."
"Woningen";"Drimmelen";"2022";"    3371";"   14607";"   13711";"       ."
"Woningen";"Dronten";"2019";"    3843";"   14324";"";"       ."
"Woningen";"Dronten";"2020";"    4907";"   18650";"";"       ."
"Woningen";"Dronten";"2021 ";"    5999";"   23162";"";"       ."
"Woningen";"Dronten";"2022";"    7321";"   29297";"   28185";"       ."
"Woningen";"Druten";"2019";"    1138";"    4394";"";"       ."
"Woningen";"Druten";"2020";"    1634";"    6733";"";"       ."
"Woningen";"Druten";"2021 ";"    2167";"    9103";"";"       ."
"Woningen";"Druten";"2022";"    2875";"   12120";"   11528";"       ."
"Woningen";"Duiven";"2019";"    1528";"    5785";"";"       ."
"Woningen";"Duiven";"2020";"    1998";"    7865";"";"       ."
"Woningen";"Duiven";"2021 ";"    2553";"   10217";"";"       ."
"Woningen";"Duiven";"2022";"    3380";"   13650";"   13131";"       ."
"Woningen";"Echt-Susteren";"2019";"    2694";"   10853";"";"       ."
"Woningen";"Echt-Susteren";"2020";"    3621";"   14804";"";"       ."
"Woningen";"Echt-Susteren";"2021 ";"    4495";"   19068";"";"       ."
"Woningen";"Echt-Susteren";"2022";"    5615";"   24864";"   23784";"       ."
"Woningen";"Edam-Volendam";"2019";"    1593";"    5704";"";"       ."
"Woningen";"Edam-Volendam";"2020";"    2351";"    8569";"";"       ."
"Woningen";"Edam-Volendam";"2021 ";"    2848";"   10561";"";"       ."
"Woningen";"Edam-Volendam";"2022";"    4170";"   16185";"   15075";"       ."
"Woningen";"Ede";"2019";"    6661";"   22888";"";"       ."
"Woningen";"Ede";"2020";"    8755";"   32197";"";"       ."
"Woningen";"Ede";"2021 ";"   10787";"   40694";"";"       ."
"Woningen";"Ede";"2022";"   13907";"   55659";"   52727";"       ."
"Woningen";"Eemnes";"2019";"    1002";"    2876";"";"       ."
"Woningen";"Eemnes";"2020";"    1165";"    3543";"";"       ."
"Woningen";"Eemnes";"2021 ";"    1423";"    4525";"";"       ."
"Woningen";"Eemnes";"2022";"    1759";"    5926";"    5667";"       ."
"Woningen";"Eemsdelta";"2019";"";"";"";""
"Woningen";"Eemsdelta";"2020";"";"";"";""
"Woningen";"Eemsdelta";"2021 ";"    7140";"   26864";"";"       ."
"Woningen";"Eemsdelta";"2022";"    8665";"   33485";"   32777";"       ."
"Woningen";"Eersel";"2019";"    1270";"    5684";"";"       ."
"Woningen";"Eersel";"2020";"    1714";"    8092";"";"       ."
"Woningen";"Eersel";"2021 ";"    2422";"   11519";"";"       ."
"Woningen";"Eersel";"2022";"    2998";"   14969";"   14129";"       ."
"Woningen";"Eijsden-Margraten";"2019";"    2549";"   10496";"";"       ."
"Woningen";"Eijsden-Margraten";"2020";"    3110";"   13251";"";"       ."
"Woningen";"Eijsden-Margraten";"2021 ";"    3713";"   16269";"";"       ."
"Woningen";"Eijsden-Margraten";"2022";"    4516";"   20334";"   19423";"       ."
"Woningen";"Eindhoven";"2019";"   12202";"   39044";"";"       ."
"Woningen";"Eindhoven";"2020";"   16834";"   55813";"";"       ."
"Woningen";"Eindhoven";"2021 ";"   20399";"   69606";"";"       ."
"Woningen";"Eindhoven";"2022";"   25982";"   92846";"   88631";"       ."
"Woningen";"Elburg";"2019";"    1831";"    6227";"";"       ."
"Woningen";"Elburg";"2020";"    2422";"    8801";"";"       ."
"Woningen";"Elburg";"2021 ";"    2905";"   10992";"";"       ."
"Woningen";"Elburg";"2022";"    3704";"   14354";"   13998";"       ."
"Woningen";"Emmen";"2019";"    8281";"   31214";"";"       ."
"Woningen";"Emmen";"2020";"   10533";"   41691";"";"       ."
"Woningen";"Emmen";"2021 ";"   12712";"   50588";"";"       ."
"Woningen";"Emmen";"2022";"   16487";"   68197";"   65379";"       ."
"Woningen";"Enkhuizen";"2019";"     950";"    2826";"";"       ."
"Woningen";"Enkhuizen";"2020";"    1145";"    3567";"";"       ."
"Woningen";"Enkhuizen";"2021 ";"    1400";"    4447";"";"       ."
"Woningen";"Enkhuizen";"2022";"    1814";"    6089";"    5836";"       ."
"Woningen";"Enschede";"2019";"    6461";"   22384";"";"       ."
"Woningen";"Enschede";"2020";"    8504";"   30460";"";"       ."
"Woningen";"Enschede";"2021 ";"   10551";"   38544";"";"       ."
"Woningen";"Enschede";"2022";"   13963";"   55074";"   52784";"       ."
"Woningen";"Epe";"2019";"    1807";"    6996";"";"       ."
"Woningen";"Epe";"2020";"    2353";"    9612";"";"       ."
"Woningen";"Epe";"2021 ";"    3039";"   12996";"";"       ."
"Woningen";"Epe";"2022";"    3993";"   17204";"   16316";"       ."
"Woningen";"Ermelo";"2019";"    2240";"    7880";"";"       ."
"Woningen";"Ermelo";"2020";"    2742";"   10199";"";"       ."
"Woningen";"Ermelo";"2021 ";"    3137";"   11769";"";"       ."
"Woningen";"Ermelo";"2022";"    3791";"   14679";"   14288";"       ."
"Woningen";"Etten-Leur";"2019";"    1924";"    7584";"";"       ."
"Woningen";"Etten-Leur";"2020";"    2667";"   11265";"";"       ."
"Woningen";"Etten-Leur";"2021 ";"    3479";"   15270";"";"       ."
"Woningen";"Etten-Leur";"2022";"    4787";"   21256";"   20081";"       ."
"Woningen";"De Fryske Marren";"2019";"    4079";"   14591";"";"       ."
"Woningen";"De Fryske Marren";"2020";"    5688";"   20956";"";"       ."
"Woningen";"De Fryske Marren";"2021 ";"    7565";"   28269";"";"       ."
"Woningen";"De Fryske Marren";"2022";"    9529";"   36796";"   35182";"       ."
"Woningen";"Geertruidenberg";"2019";"    1021";"    3673";"";"       ."
"Woningen";"Geertruidenberg";"2020";"    1375";"    5050";"";"       ."
"Woningen";"Geertruidenberg";"2021 ";"    1888";"    7022";"";"       ."
"Woningen";"Geertruidenberg";"2022";"    2447";"    9715";"    9197";"       ."
"Woningen";"Geldrop-Mierlo";"2019";"    2871";"   10552";"";"       ."
"Woningen";"Geldrop-Mierlo";"2020";"    3840";"   14835";"";"       ."
"Woningen";"Geldrop-Mierlo";"2021 ";"    4833";"   19098";"";"       ."
"Woningen";"Geldrop-Mierlo";"2022";"    5919";"   24201";"   23065";"       ."
"Woningen";"Gemert-Bakel";"2019";"    2306";"    8707";"";"       ."
"Woningen";"Gemert-Bakel";"2020";"    3028";"   12516";"";"       ."
"Woningen";"Gemert-Bakel";"2021 ";"    3955";"   17081";"";"       ."
"Woningen";"Gemert-Bakel";"2022";"    4845";"   21719";"   20566";"       ."
"Woningen";"Gennep";"2019";"    1186";"    4560";"";"       ."
"Woningen";"Gennep";"2020";"    1707";"    6791";"";"       ."
"Woningen";"Gennep";"2021 ";"    2145";"    8821";"";"       ."
"Woningen";"Gennep";"2022";"    2749";"   11740";"   11243";"       ."
"Woningen";"Gilze en Rijen";"2019";"    1538";"    6257";"";"       ."
"Woningen";"Gilze en Rijen";"2020";"    2089";"    9023";"";"       ."
"Woningen";"Gilze en Rijen";"2021 ";"    2468";"   10928";"";"       ."
"Woningen";"Gilze en Rijen";"2022";"    3139";"   14216";"   13461";"       ."
"Woningen";"Goeree-Overflakkee";"2019";"    4309";"   13605";"";"       ."
"Woningen";"Goeree-Overflakkee";"2020";"    5254";"   17710";"";"       ."
"Woningen";"Goeree-Overflakkee";"2021 ";"    6612";"   23378";"";"       ."
"Woningen";"Goeree-Overflakkee";"2022";"    9328";"   34479";"   32721";"       ."
"Woningen";"Goes";"2019";"    3942";"   11282";"";"       ."
"Woningen";"Goes";"2020";"    4511";"   13806";"";"       ."
"Woningen";"Goes";"2021 ";"    5339";"   17051";"";"       ."
"Woningen";"Goes";"2022";"    7631";"   25772";"   24807";"       ."
"Woningen";"Goirle";"2019";"    1320";"    5165";"";"       ."
"Woningen";"Goirle";"2020";"    1812";"    7369";"";"       ."
"Woningen";"Goirle";"2021 ";"    2273";"    9217";"";"       ."
"Woningen";"Goirle";"2022";"    2964";"   12912";"   12084";"       ."
"Woningen";"Gooise Meren";"2019";"    1666";"    5049";"";"       ."
"Woningen";"Gooise Meren";"2020";"    2484";"    7996";"";"       ."
"Woningen";"Gooise Meren";"2021 ";"    3216";"   10933";"";"       ."
"Woningen";"Gooise Meren";"2022";"    4536";"   16130";"   15200";"       ."
"Woningen";"Gorinchem";"2019";"    1290";"    3926";"";"       ."
"Woningen";"Gorinchem";"2020";"    1986";"    6598";"";"       ."
"Woningen";"Gorinchem";"2021 ";"    2655";"    9190";"";"       ."
"Woningen";"Gorinchem";"2022";"    4067";"   14042";"   13174";"       ."
"Woningen";"Gouda";"2019";"    3234";"    8630";"";"       ."
"Woningen";"Gouda";"2020";"    4178";"   11903";"";"       ."
"Woningen";"Gouda";"2021 ";"    5349";"   16033";"";"       ."
"Woningen";"Gouda";"2022";"    7576";"   23509";"   22058";"       ."
"Woningen";"Grave";"2019";"     757";"    3013";"";"       ."
"Woningen";"Grave";"2020";"    1068";"    4310";"";"       ."
"Woningen";"Grave";"2021 ";"    1447";"    6026";"";"       ."
"Woningen";"Grave";"2022";"";"";"";""
"Woningen";"'s-Gravenhage (gemeente)";"2019";"    9965";"   25690";"";"       ."
"Woningen";"'s-Gravenhage (gemeente)";"2020";"   12724";"   35275";"";"       ."
"Woningen";"'s-Gravenhage (gemeente)";"2021 ";"   17157";"   50252";"";"       ."
"Woningen";"'s-Gravenhage (gemeente)";"2022";"   24885";"   75972";"   71527";"       ."
"Woningen";"Groningen (gemeente)";"2019";"   13157";"   38570";"";"       ."
"Woningen";"Groningen (gemeente)";"2020";"   17515";"   54557";"";"       ."
"Woningen";"Groningen (gemeente)";"2021 ";"   22596";"   71127";"";"       ."
"Woningen";"Groningen (gemeente)";"2022";"   28013";"   90552";"   87353";"       ."
"Woningen";"Gulpen-Wittem";"2019";"    1091";"    4251";"";"       ."
"Woningen";"Gulpen-Wittem";"2020";"    1350";"    5529";"";"       ."
"Woningen";"Gulpen-Wittem";"2021 ";"    1623";"    6998";"";"       ."
"Woningen";"Gulpen-Wittem";"2022";"    1980";"    8982";"    8566";"       ."
"Woningen";"Haaksbergen";"2019";"    1503";"    5456";"";"       ."
"Woningen";"Haaksbergen";"2020";"    2033";"    7802";"";"       ."
"Woningen";"Haaksbergen";"2021 ";"    2644";"   10735";"";"       ."
"Woningen";"Haaksbergen";"2022";"    3455";"   15242";"   14480";"       ."
"Woningen";"Haaren";"2019";"     989";"    4009";"";"       ."
"Woningen";"Haaren";"2020";"    1222";"    5301";"";"       ."
"Woningen";"Haaren";"2021 ";"";"";"";""
"Woningen";"Haaren";"2022";"";"";"";""
"Woningen";"Haarlem";"2019";"    4776";"   13039";"";"       ."
"Woningen";"Haarlem";"2020";"    6639";"   20183";"";"       ."
"Woningen";"Haarlem";"2021 ";"    8775";"   25907";"";"       ."
"Woningen";"Haarlem";"2022";"   11598";"   34898";"   33077";"       ."
"Woningen";"Haarlemmermeer";"2019";"    9313";"   28430";"";"       ."
"Woningen";"Haarlemmermeer";"2020";"   12022";"   38166";"";"       ."
"Woningen";"Haarlemmermeer";"2021 ";"   15173";"   49951";"";"       ."
"Woningen";"Haarlemmermeer";"2022";"   20117";"   68226";"   65094";"       ."
"Woningen";"Halderberge";"2019";"    1854";"    6857";"";"       ."
"Woningen";"Halderberge";"2020";"    2570";"    9881";"";"       ."
"Woningen";"Halderberge";"2021 ";"    3315";"   13340";"";"       ."
"Woningen";"Halderberge";"2022";"    4212";"   17968";"   17006";"       ."
"Woningen";"Hardenberg";"2019";"    3976";"   16190";"";"       ."
"Woningen";"Hardenberg";"2020";"    5077";"   21320";"";"       ."
"Woningen";"Hardenberg";"2021 ";"    6479";"   29605";"";"       ."
"Woningen";"Hardenberg";"2022";"    8459";"   40098";"   38371";"       ."
"Woningen";"Harderwijk";"2019";"    2620";"    8014";"";"       ."
"Woningen";"Harderwijk";"2020";"    3553";"   11550";"";"       ."
"Woningen";"Harderwijk";"2021 ";"    4590";"   15262";"";"       ."
"Woningen";"Harderwijk";"2022";"    5963";"   20433";"   19739";"       ."
"Woningen";"Hardinxveld-Giessendam";"2019";"    1390";"    3674";"";"       ."
"Woningen";"Hardinxveld-Giessendam";"2020";"    1913";"    5304";"";"       ."
"Woningen";"Hardinxveld-Giessendam";"2021 ";"    2452";"    7188";"";"       ."
"Woningen";"Hardinxveld-Giessendam";"2022";"    3120";"    9633";"    9046";"       ."
"Woningen";"Harlingen";"2019";"    2425";"    6697";"";"       ."
"Woningen";"Harlingen";"2020";"    2683";"    7806";"";"       ."
"Woningen";"Harlingen";"2021 ";"    2988";"    9094";"";"       ."
"Woningen";"Harlingen";"2022";"    3642";"   11600";"   11034";"       ."
"Woningen";"Hattem";"2019";"     735";"    2586";"";"       ."
"Woningen";"Hattem";"2020";"     920";"    3426";"";"       ."
"Woningen";"Hattem";"2021 ";"    1114";"    4214";"";"       ."
"Woningen";"Hattem";"2022";"    1511";"    6143";"    5813";"       ."
"Woningen";"Heemskerk";"2019";"    2541";"    8056";"";"       ."
"Woningen";"Heemskerk";"2020";"    3633";"   11857";"";"       ."
"Woningen";"Heemskerk";"2021 ";"    4274";"   14231";"";"       ."
"Woningen";"Heemskerk";"2022";"    5249";"   18033";"   17317";"       ."
"Woningen";"Heemstede";"2019";"    1033";"    2881";"";"       ."
"Woningen";"Heemstede";"2020";"    1491";"    4272";"";"       ."
"Woningen";"Heemstede";"2021 ";"    1996";"    6215";"";"       ."
"Woningen";"Heemstede";"2022";"    2898";"    9294";"    8657";"       ."
"Woningen";"Heerde";"2019";"    1158";"    4472";"";"       ."
"Woningen";"Heerde";"2020";"    1609";"    6425";"";"       ."
"Woningen";"Heerde";"2021 ";"    2002";"    8200";"";"       ."
"Woningen";"Heerde";"2022";"    2574";"   11027";"   10407";"       ."
"Woningen";"Heerenveen";"2019";"    4041";"   14058";"";"       ."
"Woningen";"Heerenveen";"2020";"    5160";"   19024";"";"       ."
"Woningen";"Heerenveen";"2021 ";"    6306";"   24236";"";"       ."
"Woningen";"Heerenveen";"2022";"    7804";"   30935";"   29858";"       ."
"Woningen";"Heerhugowaard";"2019";"    5297";"   16127";"";"       ."
"Woningen";"Heerhugowaard";"2020";"    6489";"   20547";"";"       ."
"Woningen";"Heerhugowaard";"2021 ";"    8249";"   27314";"";"       ."
"Woningen";"Heerhugowaard";"2022";"";"";"";""
"Woningen";"Heerlen";"2019";"    4879";"   17151";"";"       ."
"Woningen";"Heerlen";"2020";"    5985";"   21787";"";"       ."
"Woningen";"Heerlen";"2021 ";"    7036";"   26319";"";"       ."
"Woningen";"Heerlen";"2022";"    8623";"   33342";"   31815";"       ."
"Woningen";"Heeze-Leende";"2019";"    1117";"    4861";"";"       ."
"Woningen";"Heeze-Leende";"2020";"    1583";"    7265";"";"       ."
"Woningen";"Heeze-Leende";"2021 ";"    2143";"    9957";"";"       ."
"Woningen";"Heeze-Leende";"2022";"    2839";"   13949";"   13055";"       ."
"Woningen";"Heiloo";"2019";"    2068";"    6254";"";"       ."
"Woningen";"Heiloo";"2020";"    2935";"    8984";"";"       ."
"Woningen";"Heiloo";"2021 ";"    4080";"   11994";"";"       ."
"Woningen";"Heiloo";"2022";"    4892";"   14981";"   14313";"       ."
"Woningen";"Den Helder";"2019";"    3319";"    8706";"";"       ."
"Woningen";"Den Helder";"2020";"    5239";"   14146";"";"       ."
"Woningen";"Den Helder";"2021 ";"    6830";"   18702";"";"       ."
"Woningen";"Den Helder";"2022";"    9295";"   25586";"   24727";"       ."
"Woningen";"Hellendoorn";"2019";"    2148";"    8863";"";"       ."
"Woningen";"Hellendoorn";"2020";"    3106";"   12976";"";"       ."
"Woningen";"Hellendoorn";"2021 ";"    4020";"   17178";"";"       ."
"Woningen";"Hellendoorn";"2022";"    5263";"   23542";"   22263";"       ."
"Woningen";"Hellevoetsluis";"2019";"    1670";"    5429";"";"       ."
"Woningen";"Hellevoetsluis";"2020";"    2447";"    8168";"";"       ."
"Woningen";"Hellevoetsluis";"2021 ";"    3463";"   11477";"";"       ."
"Woningen";"Hellevoetsluis";"2022";"    5007";"   17911";"   16979";"       ."
"Woningen";"Helmond";"2019";"    4658";"   15477";"";"       ."
"Woningen";"Helmond";"2020";"    6678";"   23295";"";"       ."
"Woningen";"Helmond";"2021 ";"    9271";"   32951";"";"       ."
"Woningen";"Helmond";"2022";"   11809";"   44384";"   41832";"       ."
"Woningen";"Hendrik-Ido-Ambacht";"2019";"    1424";"    4223";"";"       ."
"Woningen";"Hendrik-Ido-Ambacht";"2020";"    2024";"    6455";"";"       ."
"Woningen";"Hendrik-Ido-Ambacht";"2021 ";"    2736";"    8814";"";"       ."
"Woningen";"Hendrik-Ido-Ambacht";"2022";"    4257";"   14270";"   13305";"       ."
"Woningen";"Hengelo (O.)";"2019";"    3389";"   12505";"";"       ."
"Woningen";"Hengelo (O.)";"2020";"    4790";"   18412";"";"       ."
"Woningen";"Hengelo (O.)";"2021 ";"    6562";"   25633";"";"       ."
"Woningen";"Hengelo (O.)";"2022";"    9108";"   37458";"   35579";"       ."
"Woningen";"'s-Hertogenbosch";"2019";"    6245";"   22106";"";"       ."
"Woningen";"'s-Hertogenbosch";"2020";"    9548";"   34182";"";"       ."
"Woningen";"'s-Hertogenbosch";"2021 ";"   12844";"   46817";"";"       ."
"Woningen";"'s-Hertogenbosch";"2022";"   17855";"   66818";"   63195";"       ."
"Woningen";"Heumen";"2019";"    1411";"    5571";"";"       ."
"Woningen";"Heumen";"2020";"    2028";"    8223";"";"       ."
"Woningen";"Heumen";"2021 ";"    2460";"    9945";"";"       ."
"Woningen";"Heumen";"2022";"    3010";"   12667";"   12157";"       ."
"Woningen";"Heusden";"2019";"    2388";"    9212";"";"       ."
"Woningen";"Heusden";"2020";"    3327";"   14285";"";"       ."
"Woningen";"Heusden";"2021 ";"    4500";"   19830";"";"       ."
"Woningen";"Heusden";"2022";"    5857";"   27269";"   25740";"       ."
"Woningen";"Hillegom";"2019";"    1362";"    3610";"";"       ."
"Woningen";"Hillegom";"2020";"    1753";"    5040";"";"       ."
"Woningen";"Hillegom";"2021 ";"    2089";"    6282";"";"       ."
"Woningen";"Hillegom";"2022";"    2778";"    8493";"    8186";"       ."
"Woningen";"Hilvarenbeek";"2019";"     933";"    3970";"";"       ."
"Woningen";"Hilvarenbeek";"2020";"    1295";"    5929";"";"       ."
"Woningen";"Hilvarenbeek";"2021 ";"    1629";"    7769";"";"       ."
"Woningen";"Hilvarenbeek";"2022";"    2066";"   10451";"    9790";"       ."
"Woningen";"Hilversum";"2019";"    3097";"    7956";"";"       ."
"Woningen";"Hilversum";"2020";"    4174";"   11416";"";"       ."
"Woningen";"Hilversum";"2021 ";"    5505";"   15676";"";"       ."
"Woningen";"Hilversum";"2022";"    7369";"   22124";"   21063";"       ."
"Woningen";"Hoeksche Waard";"2019";"    5096";"   16138";"";"       ."
"Woningen";"Hoeksche Waard";"2020";"    7145";"   24627";"";"       ."
"Woningen";"Hoeksche Waard";"2021 ";"    9709";"   35430";"";"       ."
"Woningen";"Hoeksche Waard";"2022";"   13603";"   51987";"   49013";"       ."
"Woningen";"Hof van Twente";"2019";"    2517";"    9690";"";"       ."
"Woningen";"Hof van Twente";"2020";"    3318";"   13161";"";"       ."
"Woningen";"Hof van Twente";"2021 ";"    4071";"   16646";"";"       ."
"Woningen";"Hof van Twente";"2022";"    5282";"   23387";"   22364";"       ."
"Woningen";"Het Hogeland";"2019";"    5874";"   19138";"";"       ."
"Woningen";"Het Hogeland";"2020";"    6613";"   21989";"";"       ."
"Woningen";"Het Hogeland";"2021 ";"    7633";"   25360";"";"       ."
"Woningen";"Het Hogeland";"2022";"    9245";"   31908";"   31145";"       ."
"Woningen";"Hollands Kroon";"2019";"    3595";"   12866";"";"       ."
"Woningen";"Hollands Kroon";"2020";"    4723";"   17533";"";"       ."
"Woningen";"Hollands Kroon";"2021 ";"    6005";"   22838";"";"       ."
"Woningen";"Hollands Kroon";"2022";"    7819";"   30290";"   29188";"       ."
"Woningen";"Hoogeveen";"2019";"    5583";"   17957";"";"       ."
"Woningen";"Hoogeveen";"2020";"    6484";"   22252";"";"       ."
"Woningen";"Hoogeveen";"2021 ";"    7395";"   25905";"";"       ."
"Woningen";"Hoogeveen";"2022";"    8981";"   33379";"   32148";"       ."
"Woningen";"Hoorn";"2019";"    4477";"   12644";"";"       ."
"Woningen";"Hoorn";"2020";"    5698";"   16722";"";"       ."
"Woningen";"Hoorn";"2021 ";"    6937";"   21040";"";"       ."
"Woningen";"Hoorn";"2022";"    9307";"   28859";"   27735";"       ."
"Woningen";"Horst aan de Maas";"2019";"    3849";"   16261";"";"       ."
"Woningen";"Horst aan de Maas";"2020";"    5116";"   22202";"";"       ."
"Woningen";"Horst aan de Maas";"2021 ";"    6449";"   28495";"";"       ."
"Woningen";"Horst aan de Maas";"2022";"    8112";"   37054";"   35349";"       ."
"Woningen";"Houten";"2019";"    3363";"   10420";"";"       ."
"Woningen";"Houten";"2020";"    4418";"   14749";"";"       ."
"Woningen";"Houten";"2021 ";"    5652";"   19636";"";"       ."
"Woningen";"Houten";"2022";"    7294";"   26680";"   25051";"       ."
"Woningen";"Huizen";"2019";"    3190";"    8524";"";"       ."
"Woningen";"Huizen";"2020";"    3817";"   10933";"";"       ."
"Woningen";"Huizen";"2021 ";"    4479";"   13348";"";"       ."
"Woningen";"Huizen";"2022";"    5704";"   18064";"   17477";"       ."
"Woningen";"Hulst";"2019";"    3382";"   10056";"";"       ."
"Woningen";"Hulst";"2020";"    3855";"   12152";"";"       ."
"Woningen";"Hulst";"2021 ";"    4534";"   14715";"";"       ."
"Woningen";"Hulst";"2022";"    6453";"   21691";"   20791";"       ."
"Woningen";"IJsselstein";"2019";"    1525";"    4892";"";"       ."
"Woningen";"IJsselstein";"2020";"    1935";"    6597";"";"       ."
"Woningen";"IJsselstein";"2021 ";"    2765";"    9715";"";"       ."
"Woningen";"IJsselstein";"2022";"    3997";"   14030";"   13132";"       ."
"Woningen";"Kaag en Braassem";"2019";"    2153";"    7683";"";"       ."
"Woningen";"Kaag en Braassem";"2020";"    2967";"   11313";"";"       ."
"Woningen";"Kaag en Braassem";"2021 ";"    3722";"   14639";"";"       ."
"Woningen";"Kaag en Braassem";"2022";"    4904";"   19377";"   18504";"       ."
"Woningen";"Kampen";"2019";"    3567";"   11317";"";"       ."
"Woningen";"Kampen";"2020";"    4576";"   15074";"";"       ."
"Woningen";"Kampen";"2021 ";"    5625";"   19127";"";"       ."
"Woningen";"Kampen";"2022";"    7063";"   25284";"   24225";"       ."
"Woningen";"Kapelle";"2019";"    1451";"    4362";"";"       ."
"Woningen";"Kapelle";"2020";"    1714";"    5408";"";"       ."
"Woningen";"Kapelle";"2021 ";"    1992";"    6721";"";"       ."
"Woningen";"Kapelle";"2022";"    2836";"   10356";"    9937";"       ."
"Woningen";"Katwijk";"2019";"    2640";"    7570";"";"       ."
"Woningen";"Katwijk";"2020";"    3752";"   11318";"";"       ."
"Woningen";"Katwijk";"2021 ";"    4618";"   14322";"";"       ."
"Woningen";"Katwijk";"2022";"    6544";"   20751";"   19803";"       ."
"Woningen";"Kerkrade";"2019";"    4437";"   14357";"";"       ."
"Woningen";"Kerkrade";"2020";"    5238";"   17591";"";"       ."
"Woningen";"Kerkrade";"2021 ";"    5971";"   21171";"";"       ."
"Woningen";"Kerkrade";"2022";"    7050";"   25871";"   24891";"       ."
"Woningen";"Koggenland";"2019";"    1715";"    5928";"";"       ."
"Woningen";"Koggenland";"2020";"    2281";"    8380";"";"       ."
"Woningen";"Koggenland";"2021 ";"    2773";"   10557";"";"       ."
"Woningen";"Koggenland";"2022";"    3657";"   14312";"   13741";"       ."
"Woningen";"Krimpen aan den IJssel";"2019";"     971";"    3381";"";"       ."
"Woningen";"Krimpen aan den IJssel";"2020";"    1295";"    4652";"";"       ."
"Woningen";"Krimpen aan den IJssel";"2021 ";"    2052";"    7392";"";"       ."
"Woningen";"Krimpen aan den IJssel";"2022";"    3073";"   11312";"   10615";"       ."
"Woningen";"Krimpenerwaard";"2019";"    2316";"    7613";"";"       ."
"Woningen";"Krimpenerwaard";"2020";"    3267";"   11196";"";"       ."
"Woningen";"Krimpenerwaard";"2021 ";"    4646";"   16784";"";"       ."
"Woningen";"Krimpenerwaard";"2022";"    7533";"   27102";"   25324";"       ."
"Woningen";"Laarbeek";"2019";"    1487";"    6261";"";"       ."
"Woningen";"Laarbeek";"2020";"    2126";"    9317";"";"       ."
"Woningen";"Laarbeek";"2021 ";"    2839";"   12803";"";"       ."
"Woningen";"Laarbeek";"2022";"    3689";"   20937";"   20050";"       ."
"Woningen";"Land van Cuijk";"2019";"";"";"";""
"Woningen";"Land van Cuijk";"2020";"";"";"";""
"Woningen";"Land van Cuijk";"2021 ";"";"";"";""
"Woningen";"Land van Cuijk";"2022";"   13808";"   64830";"   61986";"       ."
"Woningen";"Landerd";"2019";"    1114";"    4943";"";"       ."
"Woningen";"Landerd";"2020";"    1476";"    6967";"";"       ."
"Woningen";"Landerd";"2021 ";"    1901";"    9120";"";"       ."
"Woningen";"Landerd";"2022";"";"";"";""
"Woningen";"Landgraaf";"2019";"    3681";"   12901";"";"       ."
"Woningen";"Landgraaf";"2020";"    4306";"   15616";"";"       ."
"Woningen";"Landgraaf";"2021 ";"    5036";"   18674";"";"       ."
"Woningen";"Landgraaf";"2022";"    6073";"   23590";"   22596";"       ."
"Woningen";"Landsmeer";"2019";"     735";"    3100";"";"       ."
"Woningen";"Landsmeer";"2020";"     927";"    3956";"";"       ."
"Woningen";"Landsmeer";"2021 ";"    1136";"    4762";"";"       ."
"Woningen";"Landsmeer";"2022";"    1408";"    5934";"    5669";"       ."
"Woningen";"Langedijk";"2019";"    2711";"    7796";"";"       ."
"Woningen";"Langedijk";"2020";"    3366";"   10428";"";"       ."
"Woningen";"Langedijk";"2021 ";"    4082";"   13144";"";"       ."
"Woningen";"Langedijk";"2022";"";"";"";""
"Woningen";"Lansingerland";"2019";"    4256";"   12248";"";"       ."
"Woningen";"Lansingerland";"2020";"    5541";"   17008";"";"       ."
"Woningen";"Lansingerland";"2021 ";"    7293";"   23518";"";"       ."
"Woningen";"Lansingerland";"2022";"   10471";"   35356";"   33292";"       ."
"Woningen";"Laren (NH.)";"2019";"     191";"     738";"";"       ."
"Woningen";"Laren (NH.)";"2020";"     284";"    1171";"";"       ."
"Woningen";"Laren (NH.)";"2021 ";"     360";"    1544";"";"       ."
"Woningen";"Laren (NH.)";"2022";"     594";"    2607";"    2436";"       ."
"Woningen";"Leeuwarden";"2019";"    9538";"   30663";"";"       ."
"Woningen";"Leeuwarden";"2020";"   11983";"   39738";"";"       ."
"Woningen";"Leeuwarden";"2021 ";"   14576";"   48283";"";"       ."
"Woningen";"Leeuwarden";"2022";"   17687";"   60954";"   58703";"       ."
"Woningen";"Leiden";"2019";"    3537";"    9484";"";"       ."
"Woningen";"Leiden";"2020";"    5033";"   15807";"";"       ."
"Woningen";"Leiden";"2021 ";"    6460";"   20157";"";"       ."
"Woningen";"Leiden";"2022";"    8441";"   26118";"   24856";"       ."
"Woningen";"Leiderdorp";"2019";"    1109";"    3759";"";"       ."
"Woningen";"Leiderdorp";"2020";"    1719";"    5643";"";"       ."
"Woningen";"Leiderdorp";"2021 ";"    2245";"    7025";"";"       ."
"Woningen";"Leiderdorp";"2022";"    2808";"    9232";"    8775";"       ."
"Woningen";"Leidschendam-Voorburg";"2019";"    2134";"    6448";"";"       ."
"Woningen";"Leidschendam-Voorburg";"2020";"    2727";"    8545";"";"       ."
"Woningen";"Leidschendam-Voorburg";"2021 ";"    3589";"   11788";"";"       ."
"Woningen";"Leidschendam-Voorburg";"2022";"    5017";"   17108";"   16062";"       ."
"Woningen";"Lelystad";"2019";"    6325";"   20460";"";"       ."
"Woningen";"Lelystad";"2020";"    7780";"   27197";"";"       ."
"Woningen";"Lelystad";"2021 ";"    9543";"   32729";"";"       ."
"Woningen";"Lelystad";"2022";"   12164";"   42597";"   40931";"       ."
"Woningen";"Leudal";"2019";"    2993";"   13168";"";"       ."
"Woningen";"Leudal";"2020";"    4080";"   18624";"";"       ."
"Woningen";"Leudal";"2021 ";"    5025";"   23011";"";"       ."
"Woningen";"Leudal";"2022";"    6199";"   29663";"   28300";"       ."
"Woningen";"Leusden";"2019";"    2274";"    7575";"";"       ."
"Woningen";"Leusden";"2020";"    2942";"   10486";"";"       ."
"Woningen";"Leusden";"2021 ";"    3831";"   14025";"";"       ."
"Woningen";"Leusden";"2022";"    5307";"   20060";"   19011";"       ."
"Woningen";"Lingewaard";"2019";"    3221";"   11531";"";"       ."
"Woningen";"Lingewaard";"2020";"    4878";"   18123";"";"       ."
"Woningen";"Lingewaard";"2021 ";"    6563";"   24836";"";"       ."
"Woningen";"Lingewaard";"2022";"    8713";"   34161";"   32769";"       ."
"Woningen";"Lisse";"2019";"    1776";"    4241";"";"       ."
"Woningen";"Lisse";"2020";"    2197";"    5933";"";"       ."
"Woningen";"Lisse";"2021 ";"    2901";"    7834";"";"       ."
"Woningen";"Lisse";"2022";"    3719";"   10667";"   10288";"       ."
"Woningen";"Lochem";"2019";"    2687";"   10106";"";"       ."
"Woningen";"Lochem";"2020";"    3386";"   13352";"";"       ."
"Woningen";"Lochem";"2021 ";"    4226";"   17391";"";"       ."
"Woningen";"Lochem";"2022";"    5268";"   22351";"   21432";"       ."
"Woningen";"Loon op Zand";"2019";"    1042";"    3914";"";"       ."
"Woningen";"Loon op Zand";"2020";"    1478";"    5875";"";"       ."
"Woningen";"Loon op Zand";"2021 ";"    2056";"    8744";"";"       ."
"Woningen";"Loon op Zand";"2022";"    2719";"   12543";"   11623";"       ."
"Woningen";"Lopik";"2019";"     816";"    3076";"";"       ."
"Woningen";"Lopik";"2020";"    1153";"    4516";"";"       ."
"Woningen";"Lopik";"2021 ";"    1495";"    5911";"";"       ."
"Woningen";"Lopik";"2022";"    2012";"    8199";"    7704";"       ."
"Woningen";"Loppersum";"2019";"    1512";"    5903";"";"       ."
"Woningen";"Loppersum";"2020";"    1649";"    6592";"";"       ."
"Woningen";"Loppersum";"2021 ";"";"";"";""
"Woningen";"Loppersum";"2022";"";"";"";""
"Woningen";"Losser";"2019";"    1577";"    5964";"";"       ."
"Woningen";"Losser";"2020";"    2088";"    8383";"";"       ."
"Woningen";"Losser";"2021 ";"    2720";"   11718";"";"       ."
"Woningen";"Losser";"2022";"    3478";"   15999";"   15245";"       ."
"Woningen";"Maasdriel";"2019";"    2184";"    7636";"";"       ."
"Woningen";"Maasdriel";"2020";"    2801";"   10496";"";"       ."
"Woningen";"Maasdriel";"2021 ";"    3391";"   13666";"";"       ."
"Woningen";"Maasdriel";"2022";"    4548";"   19133";"   18142";"       ."
"Woningen";"Maasgouw";"2019";"    2324";"    9189";"";"       ."
"Woningen";"Maasgouw";"2020";"    3092";"   12519";"";"       ."
"Woningen";"Maasgouw";"2021 ";"    3875";"   15876";"";"       ."
"Woningen";"Maasgouw";"2022";"    4887";"   21001";"   20068";"       ."
"Woningen";"Maashorst";"2019";"";"";"";""
"Woningen";"Maashorst";"2020";"";"";"";""
"Woningen";"Maashorst";"2021 ";"";"";"";""
"Woningen";"Maashorst";"2022";"   10290";"   42312";"   40409";"       ."
"Woningen";"Maassluis";"2019";"     940";"    2714";"";"       ."
"Woningen";"Maassluis";"2020";"    1519";"    4683";"";"       ."
"Woningen";"Maassluis";"2021 ";"    2060";"    6582";"";"       ."
"Woningen";"Maassluis";"2022";"    3211";"   10434";"    9867";"       ."
"Woningen";"Maastricht";"2019";"    5104";"   16440";"";"       ."
"Woningen";"Maastricht";"2020";"    6434";"   21671";"";"       ."
"Woningen";"Maastricht";"2021 ";"    7871";"   27846";"";"       ."
"Woningen";"Maastricht";"2022";"   10509";"   37846";"   35937";"       ."
"Woningen";"Medemblik";"2019";"    4001";"   12441";"";"       ."
"Woningen";"Medemblik";"2020";"    4991";"   16443";"";"       ."
"Woningen";"Medemblik";"2021 ";"    6164";"   20926";"";"       ."
"Woningen";"Medemblik";"2022";"    7872";"   27906";"   26975";"       ."
"Woningen";"Meerssen";"2019";"    1556";"    6243";"";"       ."
"Woningen";"Meerssen";"2020";"    2181";"    8847";"";"       ."
"Woningen";"Meerssen";"2021 ";"    2644";"   10948";"";"       ."
"Woningen";"Meerssen";"2022";"    3180";"   13777";"   13115";"       ."
"Woningen";"Meierijstad";"2019";"    6226";"   23893";"";"       ."
"Woningen";"Meierijstad";"2020";"    8625";"   34056";"";"       ."
"Woningen";"Meierijstad";"2021 ";"   10980";"   44659";"";"       ."
"Woningen";"Meierijstad";"2022";"   13383";"   57864";"   54903";"       ."
"Woningen";"Meppel";"2019";"    2521";"    8480";"";"       ."
"Woningen";"Meppel";"2020";"    3314";"   11849";"";"       ."
"Woningen";"Meppel";"2021 ";"    4007";"   14380";"";"       ."
"Woningen";"Meppel";"2022";"    4789";"   18075";"   17309";"       ."
"Woningen";"Middelburg (Z.)";"2019";"    3955";"   10572";"";"       ."
"Woningen";"Middelburg (Z.)";"2020";"    4707";"   13181";"";"       ."
"Woningen";"Middelburg (Z.)";"2021 ";"    5665";"   16456";"";"       ."
"Woningen";"Middelburg (Z.)";"2022";"    8253";"   25696";"   24666";"       ."
"Woningen";"Midden-Delfland";"2019";"    1619";"    4846";"";"       ."
"Woningen";"Midden-Delfland";"2020";"    1962";"    6564";"";"       ."
"Woningen";"Midden-Delfland";"2021 ";"    2246";"    7632";"";"       ."
"Woningen";"Midden-Delfland";"2022";"    3177";"   11471";"   10955";"       ."
"Woningen";"Midden-Drenthe";"2019";"    4176";"   14334";"";"       ."
"Woningen";"Midden-Drenthe";"2020";"    4929";"   17652";"";"       ."
"Woningen";"Midden-Drenthe";"2021 ";"    5761";"   21349";"";"       ."
"Woningen";"Midden-Drenthe";"2022";"    6698";"   26207";"   25262";"       ."
"Woningen";"Midden-Groningen";"2019";"    6482";"   22428";"";"       ."
"Woningen";"Midden-Groningen";"2020";"    7850";"   27826";"";"       ."
"Woningen";"Midden-Groningen";"2021 ";"    9818";"   34724";"";"       ."
"Woningen";"Midden-Groningen";"2022";"   12144";"   44809";"   43247";"       ."
"Woningen";"Mill en Sint Hubert";"2019";"     738";"    3515";"";"       ."
"Woningen";"Mill en Sint Hubert";"2020";"     971";"    4739";"";"       ."
"Woningen";"Mill en Sint Hubert";"2021 ";"    1278";"    6351";"";"       ."
"Woningen";"Mill en Sint Hubert";"2022";"";"";"";""
"Woningen";"Moerdijk";"2019";"    2259";"    8051";"";"       ."
"Woningen";"Moerdijk";"2020";"    3263";"   12094";"";"       ."
"Woningen";"Moerdijk";"2021 ";"    4084";"   15537";"";"       ."
"Woningen";"Moerdijk";"2022";"    5329";"   21252";"   20159";"       ."
"Woningen";"Molenlanden";"2019";"    2225";"    8035";"";"       ."
"Woningen";"Molenlanden";"2020";"    2968";"   11257";"";"       ."
"Woningen";"Molenlanden";"2021 ";"    3972";"   15205";"";"       ."
"Woningen";"Molenlanden";"2022";"    5663";"   22199";"   20696";"       ."
"Woningen";"Montferland";"2019";"    3168";"   12651";"";"       ."
"Woningen";"Montferland";"2020";"    4269";"   17379";"";"       ."
"Woningen";"Montferland";"2021 ";"    5667";"   23250";"";"       ."
"Woningen";"Montferland";"2022";"    7152";"   30388";"   29006";"       ."
"Woningen";"Montfoort";"2019";"     848";"    2862";"";"       ."
"Woningen";"Montfoort";"2020";"    1108";"    4081";"";"       ."
"Woningen";"Montfoort";"2021 ";"    1451";"    5397";"";"       ."
"Woningen";"Montfoort";"2022";"    2094";"    8048";"    7621";"       ."
"Woningen";"Mook en Middelaar";"2019";"     643";"    2590";"";"       ."
"Woningen";"Mook en Middelaar";"2020";"     893";"    3755";"";"       ."
"Woningen";"Mook en Middelaar";"2021 ";"    1131";"    4688";"";"       ."
"Woningen";"Mook en Middelaar";"2022";"    1458";"    6258";"    5924";"       ."
"Woningen";"Neder-Betuwe";"2019";"    1172";"    4294";"";"       ."
"Woningen";"Neder-Betuwe";"2020";"    1595";"    6107";"";"       ."
"Woningen";"Neder-Betuwe";"2021 ";"    2222";"    8971";"";"       ."
"Woningen";"Neder-Betuwe";"2022";"    3353";"   14120";"   13158";"       ."
"Woningen";"Nederweert";"2019";"    1678";"    7310";"";"       ."
"Woningen";"Nederweert";"2020";"    2039";"    9191";"";"       ."
"Woningen";"Nederweert";"2021 ";"    2438";"   11790";"";"       ."
"Woningen";"Nederweert";"2022";"    2954";"   14818";"   14240";"       ."
"Woningen";"Nieuwegein";"2019";"    2480";"    7439";"";"       ."
"Woningen";"Nieuwegein";"2020";"    3749";"   11838";"";"       ."
"Woningen";"Nieuwegein";"2021 ";"    5236";"   16803";"";"       ."
"Woningen";"Nieuwegein";"2022";"    7085";"   23097";"   21723";"       ."
"Woningen";"Nieuwkoop";"2019";"    1563";"    5491";"";"       ."
"Woningen";"Nieuwkoop";"2020";"    2171";"    8326";"";"       ."
"Woningen";"Nieuwkoop";"2021 ";"    2747";"   10960";"";"       ."
"Woningen";"Nieuwkoop";"2022";"    3581";"   14617";"   13938";"       ."
"Woningen";"Nijkerk";"2019";"    3195";"   11201";"";"       ."
"Woningen";"Nijkerk";"2020";"    3868";"   14266";"";"       ."
"Woningen";"Nijkerk";"2021 ";"    4867";"   18353";"";"       ."
"Woningen";"Nijkerk";"2022";"    6336";"   24493";"   23545";"       ."
"Woningen";"Nijmegen";"2019";"    9395";"   27879";"";"       ."
"Woningen";"Nijmegen";"2020";"   12055";"   38216";"";"       ."
"Woningen";"Nijmegen";"2021 ";"   15037";"   47180";"";"       ."
"Woningen";"Nijmegen";"2022";"   19148";"   62252";"   59340";"       ."
"Woningen";"Nissewaard";"2019";"    3899";"   10363";"";"       ."
"Woningen";"Nissewaard";"2020";"    5491";"   15438";"";"       ."
"Woningen";"Nissewaard";"2021 ";"    7714";"   22995";"";"       ."
"Woningen";"Nissewaard";"2022";"   10917";"   35236";"   33030";"       ."
"Woningen";"Noardeast-Fryslân";"2019";"    2860";"   10303";"";"       ."
"Woningen";"Noardeast-Fryslân";"2020";"    4413";"   15938";"";"       ."
"Woningen";"Noardeast-Fryslân";"2021 ";"    6099";"   21382";"";"       ."
"Woningen";"Noardeast-Fryslân";"2022";"    8348";"   30306";"   28485";"       ."
"Woningen";"Noord-Beveland";"2019";"     851";"    2834";"";"       ."
"Woningen";"Noord-Beveland";"2020";"     997";"    3471";"";"       ."
"Woningen";"Noord-Beveland";"2021 ";"    1187";"    4155";"";"       ."
"Woningen";"Noord-Beveland";"2022";"    1926";"    7259";"    6947";"       ."
"Woningen";"Noordenveld";"2019";"    3145";"   11287";"";"       ."
"Woningen";"Noordenveld";"2020";"    3871";"   14292";"";"       ."
"Woningen";"Noordenveld";"2021 ";"    4760";"   18218";"";"       ."
"Woningen";"Noordenveld";"2022";"    6213";"   24744";"   23825";"       ."
"Woningen";"Noordoostpolder";"2019";"    2875";"   12012";"";"       ."
"Woningen";"Noordoostpolder";"2020";"    3940";"   16870";"";"       ."
"Woningen";"Noordoostpolder";"2021 ";"    5164";"   22235";"";"       ."
"Woningen";"Noordoostpolder";"2022";"    7295";"   30925";"   29709";"       ."
"Woningen";"Noordwijk";"2019";"    2042";"    6471";"";"       ."
"Woningen";"Noordwijk";"2020";"    2946";"    9850";"";"       ."
"Woningen";"Noordwijk";"2021 ";"    4049";"   13093";"";"       ."
"Woningen";"Noordwijk";"2022";"    5633";"   18558";"   17898";"       ."
"Woningen";"Nuenen, Gerwen en Nederwetten";"2019";"    1621";"    6228";"";"       ."
"Woningen";"Nuenen, Gerwen en Nederwetten";"2020";"    2340";"    9337";"";"       ."
"Woningen";"Nuenen, Gerwen en Nederwetten";"2021 ";"    3080";"   12820";"";"       ."
"Woningen";"Nuenen, Gerwen en Nederwetten";"2022";"    3798";"   16657";"   15775";"       ."
"Woningen";"Nunspeet";"2019";"    1381";"    5231";"";"       ."
"Woningen";"Nunspeet";"2020";"    1833";"    7249";"";"       ."
"Woningen";"Nunspeet";"2021 ";"    2298";"    9457";"";"       ."
"Woningen";"Nunspeet";"2022";"    3060";"   13015";"   12478";"       ."
"Woningen";"Oegstgeest";"2019";"    1407";"    4047";"";"       ."
"Woningen";"Oegstgeest";"2020";"    1971";"    6195";"";"       ."
"Woningen";"Oegstgeest";"2021 ";"    2461";"    7905";"";"       ."
"Woningen";"Oegstgeest";"2022";"    3166";"   10510";"   10072";"       ."
"Woningen";"Oirschot";"2019";"     988";"    4510";"";"       ."
"Woningen";"Oirschot";"2020";"    1460";"    7224";"";"       ."
"Woningen";"Oirschot";"2021 ";"    1942";"    9714";"";"       ."
"Woningen";"Oirschot";"2022";"    2409";"   12479";"   11758";"       ."
"Woningen";"Oisterwijk";"2019";"    1220";"    4767";"";"       ."
"Woningen";"Oisterwijk";"2020";"    1743";"    7177";"";"       ."
"Woningen";"Oisterwijk";"2021 ";"    2853";"   12263";"";"       ."
"Woningen";"Oisterwijk";"2022";"    3694";"   17046";"   15971";"       ."
"Woningen";"Oldambt";"2019";"    2033";"    8082";"";"       ."
"Woningen";"Oldambt";"2020";"    3744";"   15369";"";"       ."
"Woningen";"Oldambt";"2021 ";"    5503";"   22216";"";"       ."
"Woningen";"Oldambt";"2022";"    7243";"   29461";"   28188";"       ."
"Woningen";"Oldebroek";"2019";"    1554";"    6575";"";"       ."
"Woningen";"Oldebroek";"2020";"    2007";"    8850";"";"       ."
"Woningen";"Oldebroek";"2021 ";"    2518";"   10853";"";"       ."
"Woningen";"Oldebroek";"2022";"    3219";"   14277";"   13672";"       ."
"Woningen";"Oldenzaal";"2019";"    1903";"    6993";"";"       ."
"Woningen";"Oldenzaal";"2020";"    2655";"   10149";"";"       ."
"Woningen";"Oldenzaal";"2021 ";"    3463";"   13498";"";"       ."
"Woningen";"Oldenzaal";"2022";"    4742";"   19206";"   18145";"       ."
"Woningen";"Olst-Wijhe";"2019";"    1896";"    6739";"";"       ."
"Woningen";"Olst-Wijhe";"2020";"    2425";"    8916";"";"       ."
"Woningen";"Olst-Wijhe";"2021 ";"    2889";"   10679";"";"       ."
"Woningen";"Olst-Wijhe";"2022";"    3341";"   12911";"   12243";"       ."
"Woningen";"Ommen";"2019";"    1293";"    5172";"";"       ."
"Woningen";"Ommen";"2020";"    1621";"    6699";"";"       ."
"Woningen";"Ommen";"2021 ";"    2108";"    8635";"";"       ."
"Woningen";"Ommen";"2022";"    2581";"   11391";"   10897";"       ."
"Woningen";"Oost Gelre";"2019";"    2151";"    9196";"";"       ."
"Woningen";"Oost Gelre";"2020";"    2859";"   12554";"";"       ."
"Woningen";"Oost Gelre";"2021 ";"    3478";"   15627";"";"       ."
"Woningen";"Oost Gelre";"2022";"    4465";"   21092";"   20205";"       ."
"Woningen";"Oosterhout";"2019";"    2950";"   10016";"";"       ."
"Woningen";"Oosterhout";"2020";"    3992";"   14103";"";"       ."
"Woningen";"Oosterhout";"2021 ";"    5170";"   19067";"";"       ."
"Woningen";"Oosterhout";"2022";"    6827";"   26671";"   25104";"       ."
"Woningen";"Ooststellingwerf";"2019";"    3292";"   10354";"";"       ."
"Woningen";"Ooststellingwerf";"2020";"    3922";"   12845";"";"       ."
"Woningen";"Ooststellingwerf";"2021 ";"    4568";"   15731";"";"       ."
"Woningen";"Ooststellingwerf";"2022";"    5781";"   20556";"   19878";"       ."
"Woningen";"Oostzaan";"2019";"     515";"    1771";"";"       ."
"Woningen";"Oostzaan";"2020";"     720";"    2487";"";"       ."
"Woningen";"Oostzaan";"2021 ";"     906";"    3164";"";"       ."
"Woningen";"Oostzaan";"2022";"    1122";"    4170";"    3989";"       ."
"Woningen";"Opmeer";"2019";"     984";"    3296";"";"       ."
"Woningen";"Opmeer";"2020";"    1238";"    4515";"";"       ."
"Woningen";"Opmeer";"2021 ";"    1465";"    5301";"";"       ."
"Woningen";"Opmeer";"2022";"    1850";"    6933";"    6670";"       ."
"Woningen";"Opsterland";"2019";"    2305";"    9241";"";"       ."
"Woningen";"Opsterland";"2020";"    2929";"   12149";"";"       ."
"Woningen";"Opsterland";"2021 ";"    3651";"   15511";"";"       ."
"Woningen";"Opsterland";"2022";"    4592";"   20121";"   19347";"       ."
"Woningen";"Oss";"2019";"    5158";"   20155";"";"       ."
"Woningen";"Oss";"2020";"    7402";"   29859";"";"       ."
"Woningen";"Oss";"2021 ";"   10631";"   43231";"";"       ."
"Woningen";"Oss";"2022";"   13630";"   58029";"   54557";"       ."
"Woningen";"Oude IJsselstreek";"2019";"    3292";"   13494";"";"       ."
"Woningen";"Oude IJsselstreek";"2020";"    4078";"   17206";"";"       ."
"Woningen";"Oude IJsselstreek";"2021 ";"    4992";"   21420";"";"       ."
"Woningen";"Oude IJsselstreek";"2022";"    6277";"   28451";"   27300";"       ."
"Woningen";"Ouder-Amstel";"2019";"     609";"    1867";"";"       ."
"Woningen";"Ouder-Amstel";"2020";"     829";"    2670";"";"       ."
"Woningen";"Ouder-Amstel";"2021 ";"    1211";"    3907";"";"       ."
"Woningen";"Ouder-Amstel";"2022";"    1537";"    5223";"    4884";"       ."
"Woningen";"Oudewater";"2019";"     575";"    2067";"";"       ."
"Woningen";"Oudewater";"2020";"     722";"    2845";"";"       ."
"Woningen";"Oudewater";"2021 ";"     992";"    4121";"";"       ."
"Woningen";"Oudewater";"2022";"    1361";"    5778";"    5369";"       ."
"Woningen";"Overbetuwe";"2019";"    3014";"   11610";"";"       ."
"Woningen";"Overbetuwe";"2020";"    4202";"   17255";"";"       ."
"Woningen";"Overbetuwe";"2021 ";"    5417";"   22560";"";"       ."
"Woningen";"Overbetuwe";"2022";"    7097";"   30161";"   28854";"       ."
"Woningen";"Papendrecht";"2019";"    1189";"    3476";"";"       ."
"Woningen";"Papendrecht";"2020";"    1658";"    5264";"";"       ."
"Woningen";"Papendrecht";"2021 ";"    2211";"    7470";"";"       ."
"Woningen";"Papendrecht";"2022";"    3223";"   11505";"   10752";"       ."
"Woningen";"Peel en Maas";"2019";"    4518";"   17900";"";"       ."
"Woningen";"Peel en Maas";"2020";"    5849";"   24275";"";"       ."
"Woningen";"Peel en Maas";"2021 ";"    6938";"   29759";"";"       ."
"Woningen";"Peel en Maas";"2022";"    8401";"   37872";"   35912";"       ."
"Woningen";"Pekela";"2019";"     586";"    2322";"";"       ."
"Woningen";"Pekela";"2020";"     973";"    3972";"";"       ."
"Woningen";"Pekela";"2021 ";"    1267";"    5238";"";"       ."
"Woningen";"Pekela";"2022";"    1880";"    7593";"    7307";"       ."
"Woningen";"Pijnacker-Nootdorp";"2019";"    3237";"   10377";"";"       ."
"Woningen";"Pijnacker-Nootdorp";"2020";"    4469";"   14801";"";"       ."
"Woningen";"Pijnacker-Nootdorp";"2021 ";"    6499";"   21866";"";"       ."
"Woningen";"Pijnacker-Nootdorp";"2022";"    9080";"   30911";"   29082";"       ."
"Woningen";"Purmerend";"2019";"    2893";"    8733";"";"       ."
"Woningen";"Purmerend";"2020";"    3890";"   12168";"";"       ."
"Woningen";"Purmerend";"2021 ";"    5085";"   16123";"";"       ."
"Woningen";"Purmerend";"2022";"    9554";"   30533";"   29113";"       ."
"Woningen";"Putten";"2019";"    1211";"    4773";"";"       ."
"Woningen";"Putten";"2020";"    1684";"    7117";"";"       ."
"Woningen";"Putten";"2021 ";"    2183";"    9423";"";"       ."
"Woningen";"Putten";"2022";"    2890";"   13123";"   12515";"       ."
"Woningen";"Raalte";"2019";"    4079";"   14565";"";"       ."
"Woningen";"Raalte";"2020";"    5174";"   19069";"";"       ."
"Woningen";"Raalte";"2021 ";"    6005";"   22610";"";"       ."
"Woningen";"Raalte";"2022";"    6999";"   27658";"   26068";"       ."
"Woningen";"Reimerswaal";"2019";"    2008";"    5647";"";"       ."
"Woningen";"Reimerswaal";"2020";"    2332";"    7559";"";"       ."
"Woningen";"Reimerswaal";"2021 ";"    2713";"    9207";"";"       ."
"Woningen";"Reimerswaal";"2022";"    4170";"   15634";"   14977";"       ."
"Woningen";"Renkum";"2019";"    1936";"    6789";"";"       ."
"Woningen";"Renkum";"2020";"    2465";"    8990";"";"       ."
"Woningen";"Renkum";"2021 ";"    2910";"   11020";"";"       ."
"Woningen";"Renkum";"2022";"    3676";"   14366";"   13667";"       ."
"Woningen";"Renswoude";"2019";"     260";"     956";"";"       ."
"Woningen";"Renswoude";"2020";"     352";"    1388";"";"       ."
"Woningen";"Renswoude";"2021 ";"     499";"    2078";"";"       ."
"Woningen";"Renswoude";"2022";"     831";"    3480";"    3256";"       ."
"Woningen";"Reusel-De Mierden";"2019";"     749";"    3782";"";"       ."
"Woningen";"Reusel-De Mierden";"2020";"    1048";"    5512";"";"       ."
"Woningen";"Reusel-De Mierden";"2021 ";"    1506";"    7873";"";"       ."
"Woningen";"Reusel-De Mierden";"2022";"    1993";"   10477";"    9832";"       ."
"Woningen";"Rheden";"2019";"    2043";"    7347";"";"       ."
"Woningen";"Rheden";"2020";"    2585";"    9600";"";"       ."
"Woningen";"Rheden";"2021 ";"    3169";"   11941";"";"       ."
"Woningen";"Rheden";"2022";"    4482";"   16774";"   16053";"       ."
"Woningen";"Rhenen";"2019";"    1288";"    4184";"";"       ."
"Woningen";"Rhenen";"2020";"    1679";"    5832";"";"       ."
"Woningen";"Rhenen";"2021 ";"    2114";"    7733";"";"       ."
"Woningen";"Rhenen";"2022";"    3017";"   10849";"   10296";"       ."
"Woningen";"Ridderkerk";"2019";"    2107";"    5707";"";"       ."
"Woningen";"Ridderkerk";"2020";"    2598";"    7926";"";"       ."
"Woningen";"Ridderkerk";"2021 ";"    3433";"   11378";"";"       ."
"Woningen";"Ridderkerk";"2022";"    4927";"   17439";"   16363";"       ."
"Woningen";"Rijssen-Holten";"2019";"    2197";"    7679";"";"       ."
"Woningen";"Rijssen-Holten";"2020";"    2894";"   10537";"";"       ."
"Woningen";"Rijssen-Holten";"2021 ";"    3621";"   13564";"";"       ."
"Woningen";"Rijssen-Holten";"2022";"    4789";"   19682";"   18728";"       ."
"Woningen";"Rijswijk (ZH.)";"2019";"    2502";"    7128";"";"       ."
"Woningen";"Rijswijk (ZH.)";"2020";"    2882";"    8792";"";"       ."
"Woningen";"Rijswijk (ZH.)";"2021 ";"    3714";"   11610";"";"       ."
"Woningen";"Rijswijk (ZH.)";"2022";"    5585";"   17627";"   16729";"       ."
"Woningen";"Roerdalen";"2019";"    2021";"    7953";"";"       ."
"Woningen";"Roerdalen";"2020";"    2639";"   10710";"";"       ."
"Woningen";"Roerdalen";"2021 ";"    3361";"   13939";"";"       ."
"Woningen";"Roerdalen";"2022";"    4158";"   17739";"   16928";"       ."
"Woningen";"Roermond";"2019";"    3836";"   14401";"";"       ."
"Woningen";"Roermond";"2020";"    5089";"   20038";"";"       ."
"Woningen";"Roermond";"2021 ";"    6368";"   25461";"";"       ."
"Woningen";"Roermond";"2022";"    8146";"   33848";"   32403";"       ."
"Woningen";"De Ronde Venen";"2019";"    3393";"   10359";"";"       ."
"Woningen";"De Ronde Venen";"2020";"    4231";"   13809";"";"       ."
"Woningen";"De Ronde Venen";"2021 ";"    5500";"   18211";"";"       ."
"Woningen";"De Ronde Venen";"2022";"    7250";"   24481";"   23242";"       ."
"Woningen";"Roosendaal";"2019";"    3814";"   14742";"";"       ."
"Woningen";"Roosendaal";"2020";"    5063";"   20617";"";"       ."
"Woningen";"Roosendaal";"2021 ";"    6440";"   26491";"";"       ."
"Woningen";"Roosendaal";"2022";"    8352";"   35013";"   33296";"       ."
"Woningen";"Rotterdam";"2019";"    9074";"   25147";"";"       ."
"Woningen";"Rotterdam";"2020";"   11815";"   35304";"";"       ."
"Woningen";"Rotterdam";"2021 ";"   15657";"   48577";"";"       ."
"Woningen";"Rotterdam";"2022";"   24980";"   79312";"   74522";"       ."
"Woningen";"Rozendaal";"2019";"     100";"     445";"";"       ."
"Woningen";"Rozendaal";"2020";"     230";"    1107";"";"       ."
"Woningen";"Rozendaal";"2021 ";"     270";"    1258";"";"       ."
"Woningen";"Rozendaal";"2022";"     317";"    1512";"    1441";"       ."
"Woningen";"Rucphen";"2019";"    1015";"    4261";"";"       ."
"Woningen";"Rucphen";"2020";"    1522";"    6875";"";"       ."
"Woningen";"Rucphen";"2021 ";"    2137";"    9463";"";"       ."
"Woningen";"Rucphen";"2022";"    2831";"   13421";"   12583";"       ."
"Woningen";"Schagen";"2019";"    3213";"   11296";"";"       ."
"Woningen";"Schagen";"2020";"    4425";"   16133";"";"       ."
"Woningen";"Schagen";"2021 ";"    5388";"   20143";"";"       ."
"Woningen";"Schagen";"2022";"    6958";"   26511";"   25566";"       ."
"Woningen";"Scherpenzeel";"2019";"     413";"    1513";"";"       ."
"Woningen";"Scherpenzeel";"2020";"     711";"    2708";"";"       ."
"Woningen";"Scherpenzeel";"2021 ";"     994";"    3835";"";"       ."
"Woningen";"Scherpenzeel";"2022";"    1392";"    5496";"    5209";"       ."
"Woningen";"Schiedam";"2019";"    1334";"    4003";"";"       ."
"Woningen";"Schiedam";"2020";"    2002";"    6814";"";"       ."
"Woningen";"Schiedam";"2021 ";"    2764";"    9619";"";"       ."
"Woningen";"Schiedam";"2022";"    4282";"   15018";"   14227";"       ."
"Woningen";"Schiermonnikoog";"2019";"     105";"     414";"";"       ."
"Woningen";"Schiermonnikoog";"2020";"     111";"     421";"";"       ."
"Woningen";"Schiermonnikoog";"2021 ";"     147";"     484";"";"       ."
"Woningen";"Schiermonnikoog";"2022";"     190";"     659";"     608";"       ."
"Woningen";"Schouwen-Duiveland";"2019";"    3277";"   10102";"";"       ."
"Woningen";"Schouwen-Duiveland";"2020";"    4079";"   13115";"";"       ."
"Woningen";"Schouwen-Duiveland";"2021 ";"    4862";"   16111";"";"       ."
"Woningen";"Schouwen-Duiveland";"2022";"    7645";"   27355";"   26175";"       ."
"Woningen";"Simpelveld";"2019";"     920";"    3492";"";"       ."
"Woningen";"Simpelveld";"2020";"    1065";"    4116";"";"       ."
"Woningen";"Simpelveld";"2021 ";"    1254";"    4959";"";"       ."
"Woningen";"Simpelveld";"2022";"    1517";"    6227";"    5968";"       ."
"Woningen";"Sint Anthonis";"2019";"     769";"    3885";"";"       ."
"Woningen";"Sint Anthonis";"2020";"    1033";"    5545";"";"       ."
"Woningen";"Sint Anthonis";"2021 ";"    1363";"    8071";"";"       ."
"Woningen";"Sint Anthonis";"2022";"";"";"";""
"Woningen";"Sint-Michielsgestel";"2019";"    2103";"    8594";"";"       ."
"Woningen";"Sint-Michielsgestel";"2020";"    3012";"   12953";"";"       ."
"Woningen";"Sint-Michielsgestel";"2021 ";"    3813";"   16828";"";"       ."
"Woningen";"Sint-Michielsgestel";"2022";"    4620";"   21125";"   20016";"       ."
"Woningen";"Sittard-Geleen";"2019";"    6484";"   23786";"";"       ."
"Woningen";"Sittard-Geleen";"2020";"    8121";"   30999";"";"       ."
"Woningen";"Sittard-Geleen";"2021 ";"   10431";"   40000";"";"       ."
"Woningen";"Sittard-Geleen";"2022";"   13331";"   53466";"   50521";"       ."
"Woningen";"Sliedrecht";"2019";"     991";"    2983";"";"       ."
"Woningen";"Sliedrecht";"2020";"    1313";"    4279";"";"       ."
"Woningen";"Sliedrecht";"2021 ";"    1749";"    5635";"";"       ."
"Woningen";"Sliedrecht";"2022";"    2584";"    8482";"    8018";"       ."
"Woningen";"Sluis";"2019";"    2029";"    6642";"";"       ."
"Woningen";"Sluis";"2020";"    2367";"    8087";"";"       ."
"Woningen";"Sluis";"2021 ";"    2851";"    9638";"";"       ."
"Woningen";"Sluis";"2022";"    4721";"   16815";"   15938";"       ."
"Woningen";"Smallingerland";"2019";"    4054";"   14150";"";"       ."
"Woningen";"Smallingerland";"2020";"    5262";"   19609";"";"       ."
"Woningen";"Smallingerland";"2021 ";"    6686";"   25231";"";"       ."
"Woningen";"Smallingerland";"2022";"    8662";"   33757";"   32434";"       ."
"Woningen";"Soest";"2019";"    2416";"    8514";"";"       ."
"Woningen";"Soest";"2020";"    3265";"   11955";"";"       ."
"Woningen";"Soest";"2021 ";"    4274";"   15812";"";"       ."
"Woningen";"Soest";"2022";"    5801";"   22052";"   20727";"       ."
"Woningen";"Someren";"2019";"    1617";"    7512";"";"       ."
"Woningen";"Someren";"2020";"    2133";"   10261";"";"       ."
"Woningen";"Someren";"2021 ";"    2673";"   12961";"";"       ."
"Woningen";"Someren";"2022";"    3406";"   17169";"   16575";"       ."
"Woningen";"Son en Breugel";"2019";"    1324";"    5246";"";"       ."
"Woningen";"Son en Breugel";"2020";"    1829";"    7610";"";"       ."
"Woningen";"Son en Breugel";"2021 ";"    2397";"   10515";"";"       ."
"Woningen";"Son en Breugel";"2022";"    2982";"   13525";"   12865";"       ."
"Woningen";"Stadskanaal";"2019";"    1930";"    8467";"";"       ."
"Woningen";"Stadskanaal";"2020";"    2412";"   10835";"";"       ."
"Woningen";"Stadskanaal";"2021 ";"    3028";"   13245";"";"       ."
"Woningen";"Stadskanaal";"2022";"    4041";"   18245";"   17545";"       ."
"Woningen";"Staphorst";"2019";"    1025";"    3648";"";"       ."
"Woningen";"Staphorst";"2020";"    1247";"    4738";"";"       ."
"Woningen";"Staphorst";"2021 ";"    1563";"    6100";"";"       ."
"Woningen";"Staphorst";"2022";"    2063";"    8780";"    8286";"       ."
"Woningen";"Stede Broec";"2019";"    2006";"    5591";"";"       ."
"Woningen";"Stede Broec";"2020";"    2415";"    7277";"";"       ."
"Woningen";"Stede Broec";"2021 ";"    2907";"    9337";"";"       ."
"Woningen";"Stede Broec";"2022";"    3701";"   12573";"   12076";"       ."
"Woningen";"Steenbergen";"2019";"    1718";"    5713";"";"       ."
"Woningen";"Steenbergen";"2020";"    2235";"    7933";"";"       ."
"Woningen";"Steenbergen";"2021 ";"    2833";"   10692";"";"       ."
"Woningen";"Steenbergen";"2022";"    3633";"   14812";"   14140";"       ."
"Woningen";"Steenwijkerland";"2019";"    2899";"   10283";"";"       ."
"Woningen";"Steenwijkerland";"2020";"    3749";"   14095";"";"       ."
"Woningen";"Steenwijkerland";"2021 ";"    4645";"   18360";"";"       ."
"Woningen";"Steenwijkerland";"2022";"    5926";"   24411";"   23488";"       ."
"Woningen";"Stein (L.)";"2019";"    3025";"   11455";"";"       ."
"Woningen";"Stein (L.)";"2020";"    3616";"   13906";"";"       ."
"Woningen";"Stein (L.)";"2021 ";"    4194";"   16803";"";"       ."
"Woningen";"Stein (L.)";"2022";"    4901";"   20480";"   19699";"       ."
"Woningen";"Stichtse Vecht";"2019";"    3136";"    9488";"";"       ."
"Woningen";"Stichtse Vecht";"2020";"    4143";"   13370";"";"       ."
"Woningen";"Stichtse Vecht";"2021 ";"    5475";"   18460";"";"       ."
"Woningen";"Stichtse Vecht";"2022";"    7510";"   26488";"   24843";"       ."
"Woningen";"Súdwest-Fryslân";"2019";"    6755";"   23639";"";"       ."
"Woningen";"Súdwest-Fryslân";"2020";"    8795";"   31842";"";"       ."
"Woningen";"Súdwest-Fryslân";"2021 ";"   10750";"   39975";"";"       ."
"Woningen";"Súdwest-Fryslân";"2022";"   13568";"   52023";"   50171";"       ."
"Woningen";"Terneuzen";"2019";"    4413";"   13662";"";"       ."
"Woningen";"Terneuzen";"2020";"    5360";"   17470";"";"       ."
"Woningen";"Terneuzen";"2021 ";"    6866";"   23017";"";"       ."
"Woningen";"Terneuzen";"2022";"   10504";"   36266";"   34700";"       ."
"Woningen";"Terschelling";"2019";"     274";"    1201";"";"       ."
"Woningen";"Terschelling";"2020";"     319";"    1500";"";"       ."
"Woningen";"Terschelling";"2021 ";"     370";"    1485";"";"       ."
"Woningen";"Terschelling";"2022";"     429";"    1831";"    1750";"       ."
"Woningen";"Texel";"2019";"    1067";"    3470";"";"       ."
"Woningen";"Texel";"2020";"    1347";"    4978";"";"       ."
"Woningen";"Texel";"2021 ";"    1654";"    5801";"";"       ."
"Woningen";"Texel";"2022";"    2033";"    7381";"    7078";"       ."
"Woningen";"Teylingen";"2019";"    2308";"    6751";"";"       ."
"Woningen";"Teylingen";"2020";"    3202";"    9751";"";"       ."
"Woningen";"Teylingen";"2021 ";"    4256";"   13514";"";"       ."
"Woningen";"Teylingen";"2022";"    5492";"   17956";"   17334";"       ."
"Woningen";"Tholen";"2019";"    2341";"    6789";"";"       ."
"Woningen";"Tholen";"2020";"    2687";"    8359";"";"       ."
"Woningen";"Tholen";"2021 ";"    3189";"   10412";"";"       ."
"Woningen";"Tholen";"2022";"    5056";"   18416";"   17553";"       ."
"Woningen";"Tiel";"2019";"    1826";"    6205";"";"       ."
"Woningen";"Tiel";"2020";"    2505";"    9041";"";"       ."
"Woningen";"Tiel";"2021 ";"    3455";"   12699";"";"       ."
"Woningen";"Tiel";"2022";"    5260";"   18967";"   17806";"       ."
"Woningen";"Tilburg";"2019";"    8688";"   27916";"";"       ."
"Woningen";"Tilburg";"2020";"   12185";"   40757";"";"       ."
"Woningen";"Tilburg";"2021 ";"   16347";"   55791";"";"       ."
"Woningen";"Tilburg";"2022";"   22727";"   82155";"   76526";"       ."
"Woningen";"Tubbergen";"2019";"    1055";"    4780";"";"       ."
"Woningen";"Tubbergen";"2020";"    1541";"    7423";"";"       ."
"Woningen";"Tubbergen";"2021 ";"    2032";"    9829";"";"       ."
"Woningen";"Tubbergen";"2022";"    2773";"   15199";"   14230";"       ."
"Woningen";"Twenterand";"2019";"    2126";"    8043";"";"       ."
"Woningen";"Twenterand";"2020";"    2618";"   10648";"";"       ."
"Woningen";"Twenterand";"2021 ";"    3183";"   13121";"";"       ."
"Woningen";"Twenterand";"2022";"    4320";"   19263";"   18257";"       ."
"Woningen";"Tynaarlo";"2019";"    3559";"   12712";"";"       ."
"Woningen";"Tynaarlo";"2020";"    4521";"   17058";"";"       ."
"Woningen";"Tynaarlo";"2021 ";"    5623";"   21844";"";"       ."
"Woningen";"Tynaarlo";"2022";"    7125";"   28510";"   27443";"       ."
"Woningen";"Tytsjerksteradiel";"2019";"    3006";"   10417";"";"       ."
"Woningen";"Tytsjerksteradiel";"2020";"    3844";"   14083";"";"       ."
"Woningen";"Tytsjerksteradiel";"2021 ";"    4708";"   17410";"";"       ."
"Woningen";"Tytsjerksteradiel";"2022";"    5962";"   22922";"   22015";"       ."
"Woningen";"Uden";"2019";"    3757";"   12891";"";"       ."
"Woningen";"Uden";"2020";"    5335";"   18869";"";"       ."
"Woningen";"Uden";"2021 ";"    6514";"   23674";"";"       ."
"Woningen";"Uden";"2022";"";"";"";""
"Woningen";"Uitgeest";"2019";"    1317";"    3853";"";"       ."
"Woningen";"Uitgeest";"2020";"    1662";"    5055";"";"       ."
"Woningen";"Uitgeest";"2021 ";"    2260";"    6555";"";"       ."
"Woningen";"Uitgeest";"2022";"    2757";"    8604";"    8102";"       ."
"Woningen";"Uithoorn";"2019";"    1416";"    4557";"";"       ."
"Woningen";"Uithoorn";"2020";"    2153";"    7521";"";"       ."
"Woningen";"Uithoorn";"2021 ";"    3125";"   10622";"";"       ."
"Woningen";"Uithoorn";"2022";"    4114";"   14235";"   13249";"       ."
"Woningen";"Urk";"2019";"     798";"    2984";"";"       ."
"Woningen";"Urk";"2020";"    1175";"    4791";"";"       ."
"Woningen";"Urk";"2021 ";"    1563";"    6380";"";"       ."
"Woningen";"Urk";"2022";"    2336";"   10036";"    9709";"       ."
"Woningen";"Utrecht (gemeente)";"2019";"   13905";"   38938";"";"       ."
"Woningen";"Utrecht (gemeente)";"2020";"   18898";"   55325";"";"       ."
"Woningen";"Utrecht (gemeente)";"2021 ";"   24453";"   74992";"";"       ."
"Woningen";"Utrecht (gemeente)";"2022";"   33926";"  106648";"  100285";"       ."
"Woningen";"Utrechtse Heuvelrug";"2019";"    3141";"    9800";"";"       ."
"Woningen";"Utrechtse Heuvelrug";"2020";"    4077";"   13823";"";"       ."
"Woningen";"Utrechtse Heuvelrug";"2021 ";"    5613";"   19393";"";"       ."
"Woningen";"Utrechtse Heuvelrug";"2022";"    7600";"   27084";"   25401";"       ."
"Woningen";"Vaals";"2019";"     734";"    2388";"";"       ."
"Woningen";"Vaals";"2020";"     916";"    3028";"";"       ."
"Woningen";"Vaals";"2021 ";"    1073";"    3731";"";"       ."
"Woningen";"Vaals";"2022";"    1221";"    4549";"    4372";"       ."
"Woningen";"Valkenburg aan de Geul";"2019";"    1114";"    4771";"";"       ."
"Woningen";"Valkenburg aan de Geul";"2020";"    1376";"    6003";"";"       ."
"Woningen";"Valkenburg aan de Geul";"2021 ";"    1706";"    7626";"";"       ."
"Woningen";"Valkenburg aan de Geul";"2022";"    2130";"    9953";"    9512";"       ."
"Woningen";"Valkenswaard";"2019";"    2260";"    8233";"";"       ."
"Woningen";"Valkenswaard";"2020";"    3363";"   12759";"";"       ."
"Woningen";"Valkenswaard";"2021 ";"    4114";"   16164";"";"       ."
"Woningen";"Valkenswaard";"2022";"    5001";"   20521";"   19451";"       ."
"Woningen";"Veendam";"2019";"    1294";"    5146";"";"       ."
"Woningen";"Veendam";"2020";"    2638";"   10518";"";"       ."
"Woningen";"Veendam";"2021 ";"    4003";"   15538";"";"       ."
"Woningen";"Veendam";"2022";"    5038";"   19828";"   19002";"       ."
"Woningen";"Veenendaal";"2019";"    3731";"   12230";"";"       ."
"Woningen";"Veenendaal";"2020";"    5421";"   18086";"";"       ."
"Woningen";"Veenendaal";"2021 ";"    6987";"   22300";"";"       ."
"Woningen";"Veenendaal";"2022";"    9610";"   31592";"   29700";"       ."
"Woningen";"Veere";"2019";"    2731";"    8734";"";"       ."
"Woningen";"Veere";"2020";"    3104";"   10290";"";"       ."
"Woningen";"Veere";"2021 ";"    3484";"   11829";"";"       ."
"Woningen";"Veere";"2022";"    4867";"   17532";"   16933";"       ."
"Woningen";"Veldhoven";"2019";"    2844";"   10258";"";"       ."
"Woningen";"Veldhoven";"2020";"    3948";"   15113";"";"       ."
"Woningen";"Veldhoven";"2021 ";"    5307";"   21378";"";"       ."
"Woningen";"Veldhoven";"2022";"    6811";"   29006";"   27210";"       ."
"Woningen";"Velsen";"2019";"    2329";"    6511";"";"       ."
"Woningen";"Velsen";"2020";"    3185";"    9492";"";"       ."
"Woningen";"Velsen";"2021 ";"    4154";"   12471";"";"       ."
"Woningen";"Velsen";"2022";"    5648";"   17459";"   16702";"       ."
"Woningen";"Venlo";"2019";"    7362";"   24151";"";"       ."
"Woningen";"Venlo";"2020";"    9828";"   33527";"";"       ."
"Woningen";"Venlo";"2021 ";"   12797";"   44445";"";"       ."
"Woningen";"Venlo";"2022";"   16567";"   60176";"   56396";"       ."
"Woningen";"Venray";"2019";"    4482";"   15418";"";"       ."
"Woningen";"Venray";"2020";"    5657";"   20256";"";"       ."
"Woningen";"Venray";"2021 ";"    6661";"   25038";"";"       ."
"Woningen";"Venray";"2022";"    7999";"   32160";"   30923";"       ."
"Woningen";"Vijfheerenlanden";"2019";"    3681";"   11018";"";"       ."
"Woningen";"Vijfheerenlanden";"2020";"    5020";"   15919";"";"       ."
"Woningen";"Vijfheerenlanden";"2021 ";"    6805";"   22472";"";"       ."
"Woningen";"Vijfheerenlanden";"2022";"   10245";"   34235";"   32037";"       ."
"Woningen";"Vlaardingen";"2019";"    1954";"    4668";"";"       ."
"Woningen";"Vlaardingen";"2020";"    2522";"    6982";"";"       ."
"Woningen";"Vlaardingen";"2021 ";"    3421";"    9785";"";"       ."
"Woningen";"Vlaardingen";"2022";"    5043";"   15574";"   14640";"       ."
"Woningen";"Vlieland";"2019";"      91";"     304";"";"       ."
"Woningen";"Vlieland";"2020";"     139";"     483";"";"       ."
"Woningen";"Vlieland";"2021 ";"     169";"     558";"";"       ."
"Woningen";"Vlieland";"2022";"     246";"     802";"     773";"       ."
"Woningen";"Vlissingen";"2019";"    4948";"   11322";"";"       ."
"Woningen";"Vlissingen";"2020";"    5681";"   13908";"";"       ."
"Woningen";"Vlissingen";"2021 ";"    6196";"   15969";"";"       ."
"Woningen";"Vlissingen";"2022";"    8224";"   23965";"   23124";"       ."
"Woningen";"Voerendaal";"2019";"    1186";"    4787";"";"       ."
"Woningen";"Voerendaal";"2020";"    1422";"    5926";"";"       ."
"Woningen";"Voerendaal";"2021 ";"    1653";"    7060";"";"       ."
"Woningen";"Voerendaal";"2022";"    2006";"    8998";"    8598";"       ."
"Woningen";"Voorne aan Zee";"2019";"";"";"";""
"Woningen";"Voorne aan Zee";"2020";"";"";"";""
"Woningen";"Voorne aan Zee";"2021 ";"";"";"";""
"Woningen";"Voorne aan Zee";"2022";"";"";"";""
"Woningen";"Voorschoten";"2019";"     972";"    3095";"";"       ."
"Woningen";"Voorschoten";"2020";"    1260";"    4163";"";"       ."
"Woningen";"Voorschoten";"2021 ";"    1813";"    6161";"";"       ."
"Woningen";"Voorschoten";"2022";"    2568";"    9141";"    8572";"       ."
"Woningen";"Voorst";"2019";"    1625";"    6444";"";"       ."
"Woningen";"Voorst";"2020";"    2090";"    8834";"";"       ."
"Woningen";"Voorst";"2021 ";"    2631";"   11479";"";"       ."
"Woningen";"Voorst";"2022";"    3440";"   15198";"   14432";"       ."
"Woningen";"Vught";"2019";"    1063";"    3920";"";"       ."
"Woningen";"Vught";"2020";"    1521";"    5749";"";"       ."
"Woningen";"Vught";"2021 ";"    2678";"   10436";"";"       ."
"Woningen";"Vught";"2022";"    3366";"   14101";"   13320";"       ."
"Woningen";"Waadhoeke";"2019";"    3154";"   10828";"";"       ."
"Woningen";"Waadhoeke";"2020";"    4405";"   16095";"";"       ."
"Woningen";"Waadhoeke";"2021 ";"    5708";"   21274";"";"       ."
"Woningen";"Waadhoeke";"2022";"    7566";"   29278";"   28104";"       ."
"Woningen";"Waalre";"2019";"    1263";"    4847";"";"       ."
"Woningen";"Waalre";"2020";"    1661";"    6700";"";"       ."
"Woningen";"Waalre";"2021 ";"    2134";"    9209";"";"       ."
"Woningen";"Waalre";"2022";"    2705";"   12239";"   11563";"       ."
"Woningen";"Waalwijk";"2019";"    1849";"    7038";"";"       ."
"Woningen";"Waalwijk";"2020";"    2611";"   10619";"";"       ."
"Woningen";"Waalwijk";"2021 ";"    3641";"   15600";"";"       ."
"Woningen";"Waalwijk";"2022";"    5047";"   22555";"   20877";"       ."
"Woningen";"Waddinxveen";"2019";"    1623";"    5305";"";"       ."
"Woningen";"Waddinxveen";"2020";"    2136";"    7428";"";"       ."
"Woningen";"Waddinxveen";"2021 ";"    2765";"    9532";"";"       ."
"Woningen";"Waddinxveen";"2022";"    4364";"   15196";"   14230";"       ."
"Woningen";"Wageningen";"2019";"    2742";"    8036";"";"       ."
"Woningen";"Wageningen";"2020";"    3292";"   10186";"";"       ."
"Woningen";"Wageningen";"2021 ";"    3876";"   12324";"";"       ."
"Woningen";"Wageningen";"2022";"    4914";"   16493";"   15730";"       ."
"Woningen";"Wassenaar";"2019";"     798";"    2331";"";"       ."
"Woningen";"Wassenaar";"2020";"    1228";"    3653";"";"       ."
"Woningen";"Wassenaar";"2021 ";"    1472";"    4700";"";"       ."
"Woningen";"Wassenaar";"2022";"    2241";"    7230";"    6801";"       ."
"Woningen";"Waterland";"2019";"     874";"    2587";"";"       ."
"Woningen";"Waterland";"2020";"    1188";"    3798";"";"       ."
"Woningen";"Waterland";"2021 ";"    1512";"    4945";"";"       ."
"Woningen";"Waterland";"2022";"    2039";"    6920";"    6478";"       ."
"Woningen";"Weert";"2019";"    3879";"   15243";"";"       ."
"Woningen";"Weert";"2020";"    5143";"   20469";"";"       ."
"Woningen";"Weert";"2021 ";"    6292";"   25384";"";"       ."
"Woningen";"Weert";"2022";"    7842";"   33281";"   31675";"       ."
"Woningen";"Weesp";"2019";"    1009";"    2902";"";"       ."
"Woningen";"Weesp";"2020";"    1340";"    4012";"";"       ."
"Woningen";"Weesp";"2021 ";"    1595";"    4645";"";"       ."
"Woningen";"Weesp";"2022";"    2177";"    6641";"    6242";"       ."
"Woningen";"West Betuwe";"2019";"    3595";"   13351";"";"       ."
"Woningen";"West Betuwe";"2020";"    4875";"   18681";"";"       ."
"Woningen";"West Betuwe";"2021 ";"    6260";"   24742";"";"       ."
"Woningen";"West Betuwe";"2022";"    8466";"   34694";"   32966";"       ."
"Woningen";"West Maas en Waal";"2019";"    2230";"    7455";"";"       ."
"Woningen";"West Maas en Waal";"2020";"    2748";"    9930";"";"       ."
"Woningen";"West Maas en Waal";"2021 ";"    3246";"   12206";"";"       ."
"Woningen";"West Maas en Waal";"2022";"    4021";"   15944";"   15217";"       ."
"Woningen";"Westerkwartier";"2019";"    5043";"   19711";"";"       ."
"Woningen";"Westerkwartier";"2020";"    6616";"   27139";"";"       ."
"Woningen";"Westerkwartier";"2021 ";"    8533";"   35350";"";"       ."
"Woningen";"Westerkwartier";"2022";"   11114";"   47902";"   45957";"       ."
"Woningen";"Westerveld";"2019";"    2717";"    9014";"";"       ."
"Woningen";"Westerveld";"2020";"    3045";"   10715";"";"       ."
"Woningen";"Westerveld";"2021 ";"    3440";"   12495";"";"       ."
"Woningen";"Westerveld";"2022";"    3956";"   15476";"   14969";"       ."
"Woningen";"Westervoort";"2019";"     828";"    2987";"";"       ."
"Woningen";"Westervoort";"2020";"    1100";"    4070";"";"       ."
"Woningen";"Westervoort";"2021 ";"    1495";"    5575";"";"       ."
"Woningen";"Westervoort";"2022";"    1987";"    7517";"    7186";"       ."
"Woningen";"Westerwolde";"2019";"    1463";"    6389";"";"       ."
"Woningen";"Westerwolde";"2020";"    1965";"    8750";"";"       ."
"Woningen";"Westerwolde";"2021 ";"    2401";"   10632";"";"       ."
"Woningen";"Westerwolde";"2022";"    3238";"   14811";"   14217";"       ."
"Woningen";"Westland";"2019";"    5325";"   20543";"";"       ."
"Woningen";"Westland";"2020";"    7135";"   26017";"";"       ."
"Woningen";"Westland";"2021 ";"    9076";"   34083";"";"       ."
"Woningen";"Westland";"2022";"   15368";"   57590";"   54146";"       ."
"Woningen";"Weststellingwerf";"2019";"    1673";"    7466";"";"       ."
"Woningen";"Weststellingwerf";"2020";"    2932";"   11770";"";"       ."
"Woningen";"Weststellingwerf";"2021 ";"    4305";"   15768";"";"       ."
"Woningen";"Weststellingwerf";"2022";"    5912";"   21660";"   20921";"       ."
"Woningen";"Westvoorne";"2019";"    1155";"    4035";"";"       ."
"Woningen";"Westvoorne";"2020";"    1458";"    5579";"";"       ."
"Woningen";"Westvoorne";"2021 ";"    1877";"    7485";"";"       ."
"Woningen";"Westvoorne";"2022";"    2593";"   10755";"   10247";"       ."
"Woningen";"Wierden";"2019";"    1594";"    7103";"";"       ."
"Woningen";"Wierden";"2020";"    2189";"   10000";"";"       ."
"Woningen";"Wierden";"2021 ";"    2715";"   12393";"";"       ."
"Woningen";"Wierden";"2022";"    3753";"   18689";"   17605";"       ."
"Woningen";"Wijchen";"2019";"    2845";"   10514";"";"       ."
"Woningen";"Wijchen";"2020";"    3763";"   14576";"";"       ."
"Woningen";"Wijchen";"2021 ";"    4795";"   19416";"";"       ."
"Woningen";"Wijchen";"2022";"    6177";"   25892";"   24638";"       ."
"Woningen";"Wijdemeren";"2019";"    1318";"    4216";"";"       ."
"Woningen";"Wijdemeren";"2020";"    1693";"    5699";"";"       ."
"Woningen";"Wijdemeren";"2021 ";"    2087";"    7393";"";"       ."
"Woningen";"Wijdemeren";"2022";"    2749";"   10346";"    9795";"       ."
"Woningen";"Wijk bij Duurstede";"2019";"    1458";"    4771";"";"       ."
"Woningen";"Wijk bij Duurstede";"2020";"    1979";"    7014";"";"       ."
"Woningen";"Wijk bij Duurstede";"2021 ";"    2694";"    9791";"";"       ."
"Woningen";"Wijk bij Duurstede";"2022";"    3768";"   14190";"   13147";"       ."
"Woningen";"Winterswijk";"2019";"    2098";"    8232";"";"       ."
"Woningen";"Winterswijk";"2020";"    2683";"   10979";"";"       ."
"Woningen";"Winterswijk";"2021 ";"    3305";"   13810";"";"       ."
"Woningen";"Winterswijk";"2022";"    4027";"   17378";"   16703";"       ."
"Woningen";"Woensdrecht";"2019";"    1281";"    4792";"";"       ."
"Woningen";"Woensdrecht";"2020";"    1733";"    6817";"";"       ."
"Woningen";"Woensdrecht";"2021 ";"    2220";"    9136";"";"       ."
"Woningen";"Woensdrecht";"2022";"    2942";"   12805";"   12134";"       ."
"Woningen";"Woerden";"2019";"    3267";"    9648";"";"       ."
"Woningen";"Woerden";"2020";"    4115";"   13537";"";"       ."
"Woningen";"Woerden";"2021 ";"    5423";"   18445";"";"       ."
"Woningen";"Woerden";"2022";"    7311";"   25818";"   24151";"       ."
"Woningen";"De Wolden";"2019";"    3160";"   10515";"";"       ."
"Woningen";"De Wolden";"2020";"    3592";"   12679";"";"       ."
"Woningen";"De Wolden";"2021 ";"    4117";"   15164";"";"       ."
"Woningen";"De Wolden";"2022";"    4682";"   18412";"   17792";"       ."
"Woningen";"Wormerland";"2019";"    1264";"    3674";"";"       ."
"Woningen";"Wormerland";"2020";"    1613";"    4813";"";"       ."
"Woningen";"Wormerland";"2021 ";"    1958";"    6051";"";"       ."
"Woningen";"Wormerland";"2022";"    2615";"    8083";"    7770";"       ."
"Woningen";"Woudenberg";"2019";"    1083";"    3043";"";"       ."
"Woningen";"Woudenberg";"2020";"    1389";"    4231";"";"       ."
"Woningen";"Woudenberg";"2021 ";"    1687";"    5602";"";"       ."
"Woningen";"Woudenberg";"2022";"    2384";"    8278";"    7811";"       ."
"Woningen";"Zaanstad";"2019";"    5513";"   15947";"";"       ."
"Woningen";"Zaanstad";"2020";"    7331";"   22727";"";"       ."
"Woningen";"Zaanstad";"2021 ";"    9796";"   32185";"";"       ."
"Woningen";"Zaanstad";"2022";"   13722";"   46043";"   43354";"       ."
"Woningen";"Zaltbommel";"2019";"    2205";"    7487";"";"       ."
"Woningen";"Zaltbommel";"2020";"    2899";"   10807";"";"       ."
"Woningen";"Zaltbommel";"2021 ";"    3570";"   13817";"";"       ."
"Woningen";"Zaltbommel";"2022";"    4593";"   18585";"   17642";"       ."
"Woningen";"Zandvoort";"2019";"     321";"    1149";"";"       ."
"Woningen";"Zandvoort";"2020";"     411";"    1459";"";"       ."
"Woningen";"Zandvoort";"2021 ";"     606";"    2140";"";"       ."
"Woningen";"Zandvoort";"2022";"     845";"    3068";"    2914";"       ."
"Woningen";"Zeewolde";"2019";"    1709";"    6356";"";"       ."
"Woningen";"Zeewolde";"2020";"    2209";"    8496";"";"       ."
"Woningen";"Zeewolde";"2021 ";"    2813";"   10810";"";"       ."
"Woningen";"Zeewolde";"2022";"    3725";"   14208";"   13706";"       ."
"Woningen";"Zeist";"2019";"    2501";"    7415";"";"       ."
"Woningen";"Zeist";"2020";"    3567";"   11377";"";"       ."
"Woningen";"Zeist";"2021 ";"    4775";"   16157";"";"       ."
"Woningen";"Zeist";"2022";"    6808";"   24335";"   22702";"       ."
"Woningen";"Zevenaar";"2019";"    2803";"   10530";"";"       ."
"Woningen";"Zevenaar";"2020";"    4069";"   15842";"";"       ."
"Woningen";"Zevenaar";"2021 ";"    5117";"   20285";"";"       ."
"Woningen";"Zevenaar";"2022";"    6569";"   26794";"   25665";"       ."
"Woningen";"Zoetermeer";"2019";"    5434";"   16682";"";"       ."
"Woningen";"Zoetermeer";"2020";"    7104";"   23815";"";"       ."
"Woningen";"Zoetermeer";"2021 ";"    9464";"   32940";"";"       ."
"Woningen";"Zoetermeer";"2022";"   13624";"   48188";"   44892";"       ."
"Woningen";"Zoeterwoude";"2019";"     618";"    2003";"";"       ."
"Woningen";"Zoeterwoude";"2020";"     899";"    2909";"";"       ."
"Woningen";"Zoeterwoude";"2021 ";"    1170";"    3972";"";"       ."
"Woningen";"Zoeterwoude";"2022";"    1387";"    4764";"    4563";"       ."
"Woningen";"Zuidplas";"2019";"    2281";"    7280";"";"       ."
"Woningen";"Zuidplas";"2020";"    3317";"   11222";"";"       ."
"Woningen";"Zuidplas";"2021 ";"    4526";"   16069";"";"       ."
"Woningen";"Zuidplas";"2022";"    6587";"   23909";"   22479";"       ."
"Woningen";"Zundert";"2019";"    1171";"    5087";"";"       ."
"Woningen";"Zundert";"2020";"    1576";"    7240";"";"       ."
"Woningen";"Zundert";"2021 ";"    2086";"    9763";"";"       ."
"Woningen";"Zundert";"2022";"    2639";"   12848";"   12117";"       ."
"Woningen";"Zutphen";"2019";"    2699";"    7944";"";"       ."
"Woningen";"Zutphen";"2020";"    3573";"   11198";"";"       ."
"Woningen";"Zutphen";"2021 ";"    4462";"   14779";"";"       ."
"Woningen";"Zutphen";"2022";"    5812";"   19831";"   18925";"       ."
"Woningen";"Zwartewaterland";"2019";"    1140";"    3946";"";"       ."
"Woningen";"Zwartewaterland";"2020";"    1450";"    5288";"";"       ."
"Woningen";"Zwartewaterland";"2021 ";"    1904";"    7199";"";"       ."
"Woningen";"Zwartewaterland";"2022";"    2641";"   10627";"   10028";"       ."
"Woningen";"Zwijndrecht";"2019";"    1429";"    4427";"";"       ."
"Woningen";"Zwijndrecht";"2020";"    2411";"    7444";"";"       ."
"Woningen";"Zwijndrecht";"2021 ";"    3155";"   10024";"";"       ."
"Woningen";"Zwijndrecht";"2022";"    4885";"   15846";"   14832";"       ."
"Woningen";"Zwolle";"2019";"    9583";"   29152";"";"       ."
"Woningen";"Zwolle";"2020";"   12382";"   38769";"";"       ."
"Woningen";"Zwolle";"2021 ";"   15345";"   48451";"";"       ."
"Woningen";"Zwolle";"2022";"   18575";"   60879";"   58328";"       ."
"Woningen";"Gemeenten; niet in te delen";"2019";"     352";"     792";"";"       1"
"Woningen";"Gemeenten; niet in te delen";"2020";"     423";"    1460";"";"       1"
"Woningen";"Gemeenten; niet in te delen";"2021 ";"     348";"     817";"";"       1"
"Woningen";"Gemeenten; niet in te delen";"2022";"     426";"     988";"     977";"       1"
